x,y
4.89975763297,4.64433423381
4.61155378092,5.21516812003
5.10545453151,3.60683747735
5.33091058197,5.99910536434
5.28748965748,5.74769156283
6.73641496155,5.90130190624
5.01794746814,5.70960475257
3.98778988156,4.58993283139
5.99071429277,5.10493140173
5.46499551019,5.28129771488
6.16931738492,3.58662591092
5.08838624483,6.14126294559
5.71268038548,4.13487987438
3.78457025692,3.64890510543
3.16998636243,3.77323668264
5.02937052658,5.44959963998
5.41600853659,5.77927473486
4.74181824389,4.13706112852
5.96087458029,3.87596110376
4.42601315068,2.82277218603
5.49638675033,5.49476947747
4.77544711724,3.92278362646
2.03783232686,4.61817243096
5.71234338815,4.18343325932
3.97022494999,3.15204070289
4.80608928556,5.72537328427
5.26438063283,6.08870961632
5.37520325075,4.98473346659
4.00816087422,5.1599814608
4.58990586333,5.2822837899
4.95466236348,4.73336493114
8.32771237195,4.33230608463
6.39426315305,3.65425892385
4.79718880496,4.91837544012
6.74539296523,4.43650522002
5.70935314352,6.00658149723
5.44402032576,5.07744363421
5.29277068649,5.40672229348
6.70412333202,6.94149253203
4.1563112634,4.82314681209
5.35518391681,5.40803096036
5.6161026991,5.47801997805
6.32812419742,5.61864639332
4.65162730355,5.68748426783
4.84688227291,5.20088351502
6.52378755819,7.04820325012
5.17527880205,4.33580305612
6.72958199071,3.59283675557
5.7791807861,5.9146652649
4.33757473699,6.50175502777
4.60606370796,4.28759656525
6.69068604468,4.21474938235
5.34437389483,4.20354584856
5.63263610425,4.76931337345
5.84392631377,5.27565726663
6.86420423062,6.70094575917
4.86680515301,5.51890411406
5.18948215689,5.5312538947
5.09531464899,6.25691020635
5.49739194006,4.90138909751
5.50179943821,5.36909723914
5.83262847905,4.15979460964
4.39461618732,4.32243605272
4.16076499394,5.53340664549
4.15681380426,5.75721385009
4.92341860355,6.37979938912
5.22197640323,5.73629948276
6.38896890968,5.55400078551
3.5172987751,5.2023875362
6.41299969977,5.32034459957
5.06547634784,5.39600587809
4.35604953489,5.04232184831
7.5142887613,4.0248717823
4.92605008723,4.81882492911
5.00131224099,5.46365624207
4.16492302752,3.21885515318
4.28568102204,6.81779583722
4.25002077097,4.19450838677
2.9087062162,3.78755872738
5.96326553511,4.03221756936
3.99115265037,6.33427939472
2.85349429844,4.3933077367
7.14780512638,4.54504105001
5.89696996437,5.23807906359
4.11243271384,6.72587148547
4.55016127452,5.34824308854
4.72520029539,5.37691866149
7.15864888916,6.2125744937
3.7451831054,5.56709620928
2.61748651124,4.6824513721
4.77033722299,4.21632863392
5.88366078399,4.08280976407
5.64995949176,5.17374363872
4.96432492776,6.19373336264
3.51316258651,4.76277070131
3.97612592993,6.78937251952
5.38463353976,4.59579193715
4.82155979174,4.35688897433
4.76174769215,3.99309947039
4.94989767646,4.99896836046
5.90507081594,3.54989757822
4.97383381923,3.16000864282
4.66846508429,3.20911374875
3.98335814765,5.78073225554
4.2410375938,3.6516662141
5.68511176183,5.22789015267
4.21385389213,5.97731766627
5.70272579967,5.74511120379
4.51245138981,5.09970083656
5.39358146024,5.28276892378
4.53379598852,4.25645765798
5.76500622373,4.94812176987
4.85530025979,5.21032573226
4.71707307236,4.90243932533
5.93207562434,4.59593648556
3.03638804395,6.1599779686
5.92784572044,6.15833879306
4.86278863201,4.2381382667
4.75135817113,6.24939540148
5.35412435511,6.27935548306
5.49184554896,3.82820041201
5.62801449197,4.49944156589
6.06478786321,4.6436352387
5.17088556803,2.98071449203
3.9581962331,5.60496586068
4.96345741267,3.97923230016
4.4595587786,6.39071662553
4.97651269453,4.70062750238
3.55587203999,4.85918211371
4.2367601895,4.06407343472
4.59550807513,4.813056526
4.90464941817,3.49968471579
3.97678224279,4.85471165814
5.01605055312,3.97954251413
4.78799434973,3.31199561632
5.15705149912,4.34471716928
5.27603665966,4.34252799462
4.43532659362,3.67899231982
5.15773683516,5.76657754414
5.43177302703,6.22681683603
4.06940138138,5.77697748802
5.85427540078,5.76716052191
4.74881326997,5.75945425719
3.66366091199,5.2651231544
5.71109712477,5.17949761953
6.25536353317,5.88821957172
4.26382270446,7.13119234986
4.32921969149,3.87963373691
4.19015302196,4.95651759191
4.55764518792,4.58725713284
5.07361323823,3.96858154785
4.11483869411,5.62580928519
4.76214888045,3.06854989121
4.59152700491,6.30960535712
4.43127625166,4.53838899112
6.39156953126,4.07054441353
3.67998425171,4.7731646114
4.21382005247,3.99334035199
4.34120821828,5.6543290364
4.77613901651,4.51409735075
4.44772451295,6.32942193259
3.32894551252,4.53612712467
5.55923289973,4.88294731494
6.29423406899,4.47558389986
2.95453249884,6.54192185261
3.96329734165,6.74332473356
5.05992036125,4.50387910388
4.59113820186,4.2494316485
3.99113815177,4.31288311615
5.55864506687,3.43490938293
5.57371993842,6.46465291668
6.75993018133,4.84517794141
4.93832738138,6.60358914708
7.47357973698,6.0921063174
5.31254028091,4.2681865768
5.69551983929,4.99542120924
5.19008377138,5.16768586151
3.68279550011,3.42110501481
5.36467746443,4.9027666053
5.85404243381,5.34337582524
6.29924283715,5.26773527246
5.85513817967,4.11331219195
3.96750953192,5.07853240026
6.95972305139,5.19253932811
5.86279188025,5.30792770847
3.71579724531,5.84879655577
6.85868814281,5.24144412901
4.49372687897,3.12982438599
5.16745779021,4.67822919618
4.37206971407,5.34236794343
4.78638398137,5.52686968043
5.28880857695,5.69445998493
5.75719085243,6.08920200762
5.94339395069,4.62782019802
5.33756052932,4.60486937402
3.37340012065,5.35919733277
6.02785011304,4.62108884086
4.36912212164,3.64494463044
7.99012011196,6.02072978616
5.83525812145,3.58199417062
3.81805318786,6.07102421325
4.70362930081,5.58223018808
6.12656161755,3.3169877307
3.72923730324,4.21307143431
6.39690103486,5.99441655482
4.79147967552,2.63298971079
4.47242166046,3.43148667195
3.24032063921,5.71732663041
5.42695863675,2.62769110966
6.69699545241,5.27036361791
5.56828673089,4.70791539844
3.04358562229,3.21052543723
5.27681339289,5.27843916688
6.52751765816,4.1663568711
4.252056993,6.91573098804
5.95023650837,5.33709998084
4.32664992889,5.12761216744
4.60080461106,5.06502266974
5.91922982759,4.60493825647
3.00430296558,4.7882484392
5.84838463364,5.56231383875
5.23758292538,4.05308677599
5.14670460486,5.59695584115
4.51697522629,5.55531255159
4.32128108472,5.55465444101
5.39483357748,3.21116320312
5.0324891925,4.49843976951
6.4949005229,5.03618294846
5.28549025247,4.00464464613
4.26052728532,4.43791768549
4.8583302626,4.66776420472
5.81989337443,6.50099395766
6.43163456771,5.26430447538
4.12066199931,5.85698352935
5.20074397331,5.80379876961
5.4287773839,5.72272857306
3.77606094191,5.20641955153
6.92814311937,4.92922941008
4.94765503998,3.91013697879
1.86611399162,4.76718958479
5.32917498376,6.09967293464
5.03061886217,5.64527254404
4.64467387379,7.98881213388
4.70126834135,5.04096153747
3.64233339569,3.96915947402
5.15774724566,4.61761227165
4.72772395766,4.27259474707
5.39789838743,5.08465615852
5.74857564002,5.65227686117
4.34298398072,4.75108854852
5.15342850066,3.07137223624
4.46884335344,5.44948527353
2.55023321901,6.15619861685
4.86790103332,4.48262739268
4.2840588436,5.58038078506
4.97700546066,5.66581020407
4.13962252256,3.53916530322
6.77529328825,4.27537985549
4.55481017562,5.72209774272
5.16910774858,5.15287335936
5.90973658024,5.4268669415
4.37785921034,4.19477984395
6.28144636455,4.47808902372
5.47788055497,4.53433351283
6.27457537877,4.09492367236
4.95461909911,3.58323858128
4.8167986656,5.02786725581
5.27561507436,5.47519324
4.18406199913,2.46359341038
6.06404390496,3.96102673125
5.48703473207,6.90890663814
4.91905784697,3.1631178786
4.59514343977,4.15748157445
4.87660478318,4.92077032954
4.61200167162,5.51388115078
4.62309724285,4.24821321826
4.25535201412,5.04731110825
5.62309623636,3.66030893304
4.60461694214,4.99912099757
4.92566857912,4.69751878373
5.21132854879,5.82422063574
2.16970135681,4.23169480534
5.56363738526,4.45456743571
5.82706741634,4.01054427259
2.19380657346,4.9305282472
5.93785248819,5.96978237336
5.67159142924,5.86174403457
6.22683529104,5.99981462811
3.87833154699,5.04711270397
6.08662217914,2.81381680566
3.75320869899,4.18376694022
6.31215533612,4.05138745566
3.89516992518,4.0035648379
4.25982803547,5.36756236839
2.80814240078,5.45053561753
4.86658563611,7.65085034371
4.69367554739,4.12347111765
4.77417266941,6.19085654732
6.9943192688,3.91176335462
6.24085145363,5.36452112245
3.98718927092,5.08060790428
5.66052769359,3.31484078958
4.54274743452,7.12944628764
4.72933106515,5.59772934933
6.33657289328,5.2579458953
4.39635163056,4.21742646396
6.21202391675,4.85640313487
5.48728982821,6.54856080392
4.97487899659,5.3694670889
4.64777094217,3.95427521156
5.31342696728,6.28268080298
5.47481883404,3.05919328032
3.90807520899,5.05005369648
6.39697800333,5.49037408045
6.50628908043,6.63989959298
6.06775397709,4.33626786828
4.50714867774,4.02845412933
3.26300772115,5.23613693136
6.0263524124,4.77780408707
4.58274609883,5.79965952973
5.19318082688,5.0837964602
5.6094917264,3.87398535535
5.10151529666,5.22532558478
4.78095519745,6.89484324213
4.70667330647,5.45244826556
5.57403222092,6.44401067617
6.27222187091,5.39308529318
6.94889900675,6.7767501807
5.3587403389,4.11179081184
5.093971655,5.49567652236
4.37990725748,5.6413060234
4.76238004614,6.24597511665
4.12589534434,5.43326830543
5.24602070599,4.05913162246
4.67387386305,5.67153212407
5.189721932,3.45128580348
4.97028150546,3.98443853337
5.63360243758,4.70564142672
5.46092211022,5.71424187116
4.75411406177,6.33067178252
6.56228479262,3.66376109005
6.62157505729,4.57624101798
4.56702448225,6.88303138001
4.53385576966,5.2849413024
4.72364714447,5.16705387571
7.11165425884,4.32207770341
5.68826650413,5.78904069619
4.57155737331,4.59244901014
4.62376397068,5.75301590339
4.01345730263,3.0191095216
4.83209369992,3.7949923114
4.3894776649,6.835593792
5.66666045274,5.53615184223
5.70699264135,4.15640330243
5.06184760553,3.60753248043
4.57706848429,5.40113341456
4.04558990695,4.19923434073
5.34831707398,5.22412090118
5.84679599996,3.40162500669
5.09141101662,7.40515863713
6.31505763623,4.64125366517
4.71585390499,5.47603640004
5.20283861834,5.58167342457
5.29062102458,5.69244638582
5.51664360247,4.40802117812
6.08995364066,4.62441716339
3.65210605339,4.11662072183
6.04619709443,6.56494840018
4.25766130141,4.54094844837
5.57330765828,5.89133234773
5.02080703113,5.10372015287
4.51844539842,5.08356310113
4.49953802602,5.55826387076
6.10861927356,3.5739754968
6.19529689874,5.4497436052
5.65075081742,4.98351617785
5.05599115019,5.88386146097
4.06913355891,5.18457672013
5.48250877148,6.46553876532
4.1456379002,5.74697679936
4.83590000395,6.35110809342
5.14269870143,5.05746809463
6.61889873385,4.62065311612
3.05397494693,5.45335456708
6.00172063342,3.84731283008
5.4853620767,4.55863521668
4.68107980359,5.04360390127
4.2048857742,4.4051213868
4.77392424965,4.70669431107
3.73185570444,4.82742325572
6.03338978315,4.99736824945
5.6653930429,5.35036922731
2.65248148308,7.31167313081
5.4774146257,5.26261791588
5.83706021489,2.55947745358
5.03382967433,5.37058498048
7.01932275582,7.46239907869
3.98428578631,5.23498100736
5.44909788775,6.065713294
6.12028017658,6.1261080437
6.06387307645,5.54108332086
5.75615522175,4.73527815528
6.31850603172,5.55325124819
4.55390509249,4.64440745088
7.0969249231,3.87840602004
5.0811711394,2.82512928799
5.43031960856,5.70950979303
5.40700194301,6.81459906385
4.80962239034,5.25716217829
3.61275664278,4.44981746584
3.72730681087,4.34217075645
5.00803097142,6.64883967964
4.11814515399,6.14022509653
4.80054090271,6.71826962732
5.53515237115,5.09064450795
4.34639947512,6.98413055488
4.63108833289,4.23107524155
6.11642215743,4.03959096553
5.15296141391,8.39304945155
5.45649965982,5.28250150322
5.09092009612,5.1892524623
5.2555651297,2.51871177278
5.04840542316,3.56267615985
4.25418360115,2.07541218226
3.90536047286,4.09705270469
5.46821986397,4.60120322208
5.6286828344,6.25271016317
3.30188497343,5.30314554864
5.05563954624,4.81769752776
4.97953833716,4.69933862432
3.55306484567,3.84589047615
4.23506541337,6.11401286159
6.11459051847,5.38781465346
4.40432940061,5.00964640566
4.85460064926,4.06637160914
5.99448282496,6.33509577415
6.2396197217,4.32975009584
4.71806072711,4.47338771973
3.88040724406,4.57505846521
4.10376716368,5.12148396817
4.62530792786,6.5955576232
7.38797075431,4.73434694864
5.02065476553,4.35502816353
4.77490608162,5.3174907302
5.16717183808,4.42534283119
4.56220865705,4.02028950167
5.69362992402,4.21576233876
3.83068856553,4.70486786911
5.90142647376,5.18404033955
5.2824244426,4.83147163738
4.87853180451,5.50373548948
5.0763283419,6.34623909046
6.44362993944,5.73692321406
7.6705096255,3.09615194835
2.9017150534,4.86416146136
5.65695271424,4.60335302319
3.60713908863,6.0437177679
6.4308268951,6.572558683
3.83491873168,5.52280182311
5.98432529152,5.53582360308
4.50927657196,4.56798538202
6.40810445714,5.53047335482
5.0896101073,6.466397508
5.9056051333,5.44281404267
5.53033156108,4.75576823898
5.45225345506,4.36038873371
3.87494868887,4.46407984691
5.12154036503,4.16306864235
6.64088915404,5.57938826561
4.73242521793,5.16908072273
6.24184773426,4.7625403513
5.4210160481,4.40791573575
5.00667697791,4.73884536882
5.3008784223,5.40705166695
4.34516002893,3.87850381017
5.16071381911,4.56894206395
3.71605556304,6.10391079646
6.59313152339,4.72491203604
3.88091485374,4.89393564026
5.72074202602,5.85970908098
4.75366766412,5.09098907499
5.44941796142,6.03017459761
4.83102980005,4.51834029967
1.89752693201,5.99764842973
4.5302035708,6.37492552063
3.3708089096,5.90649604716
5.02255266306,5.81315700034
4.7218388011,6.27556198324
4.39678936821,4.44124875491
3.57986090289,3.83248743472
5.59343982285,3.67437382229
5.94129764284,5.88881550091
5.03476670493,4.97505348187
5.23882471217,2.48965924177
4.955552017,4.14315995851
6.38096455892,5.58877650958
4.20284735907,6.54712697901
6.22931530007,4.16164216673
4.70452621883,5.10617860618
4.17931794264,6.34119690147
3.83491232668,7.12376957736
4.05343869466,6.01218123456
6.44537962737,3.7248199999
4.69685549867,6.64259207552
5.74549744216,4.5969445723
4.97041381082,4.64620230487
5.47521195011,2.79305793456
4.31000819213,3.40047391502
4.14090232051,5.23381905207
4.13425539557,6.27449517509
4.97178494665,3.72031529787
6.04823858193,6.12081320806
5.25205565848,5.45237202198
3.50407393007,6.01849316983
5.66832343736,5.4635695889
4.91110723331,5.14444423175
7.6022812305,5.45559919494
3.61155967783,3.14862997307
5.4349320588,4.85090223935
4.95370083957,4.31506944064
5.71564719563,5.82336627948
4.22132459621,6.14773685244
2.9148340605,4.66887162379
4.88410194472,5.42042556219
4.87022897006,5.70816599695
4.15909710039,5.53135150337
4.57038785918,3.55655023606
3.15444710018,5.02820770954
3.12315678613,5.14456785319
3.48147215662,4.42815317053
5.6798616134,4.24973394652
6.45494617206,4.26029169358
6.5429914086,5.15660035325
5.81793319944,5.52515085629
4.92119481466,4.12218301153
5.88099735308,7.18518681246
3.80034141469,3.89189300038
5.28384956555,4.87322397093
3.53051125993,4.7099352423
3.34889873963,4.80275140947
4.36571857198,6.32018683413
2.63521796081,3.38086879912
4.60873562493,6.33236539295
5.90562992745,5.87125450226
5.68830424649,3.25831138125
5.65844792545,3.93104705852
5.41434783898,4.952660639
5.95824677572,5.18375907346
4.46769724867,6.17507182458
4.8608079733,4.1850229803
5.07376340504,3.11214255451
3.37798508513,3.98943217417
5.82428613393,4.33023119385
5.06986232693,3.66168790133
5.83997793273,6.14003667394
4.01250861372,5.12718718546
4.52353181322,4.28610821712
5.16998259762,7.10219415094
4.58647583309,4.20561142775
3.55689289644,4.56227824374
3.59909769719,4.50885001783
8.01503085932,4.14227173387
4.52428946383,3.64105964577
5.40159822193,3.97116082486
5.38285576076,3.78422533793
4.14619319377,5.75159356476
3.61258751005,3.04912331204
5.0053954139,4.74193716262
3.46703302856,5.2488636042
3.46730637776,3.99439718739
4.699565498,4.83155191898
4.88533656914,5.64748671791
4.2091163366,3.7909806351
6.54535657096,4.24786484646
5.77068743291,5.71066576774
6.56428761633,6.4732179464
3.7817119289,4.48303649538
5.24725869642,6.31775514357
3.04598163474,5.10401101476
4.87726565015,6.05312560836
4.31017166531,4.20678818943
6.48212757416,4.32191324059
5.44075803736,5.25045095735
4.31740133229,5.71693283209
5.74487894251,5.68523308852
6.72514370181,5.51275439186
4.33858210271,5.84501335254
5.58164056358,4.95569928805
4.13961735561,5.33183867074
5.71753230594,4.90955556781
5.03726903327,3.75541029925
5.63493931487,4.8158823284
4.17160653152,3.98173395342
6.29228225809,1.93281366193
6.10418620401,3.72207077232
5.01893151783,4.48798908279
4.87709477893,6.7811379132
6.74289921697,6.60503516144
4.61615330927,5.19591330511
3.7504859532,4.87151515238
4.41311673155,3.17256264362
6.26438913443,5.29020871857
3.66284140083,2.42467372906
4.15645114971,5.32539898485
5.80256908604,5.40714568682
6.4263264739,4.67198752271
3.74913937828,5.18599959873
3.21218140171,6.02983591721
4.23909812664,6.39122630295
5.45919526154,6.04825652963
4.48686352937,4.22329457959
5.10563189817,3.77130048975
5.37376388285,4.24728519441
5.73986247398,3.1448051352
3.72521378032,3.03545781314
5.47169329634,4.65492804513
6.45739432127,4.89458000698
3.02431053285,6.61464972326
4.65043738249,4.48330734061
3.94588143986,4.38990269635
4.54531813804,6.02194783636
3.63188973561,4.66783861391
4.74265072242,3.76007263807
5.50191728117,4.31274600418
4.15174286363,4.56607937809
5.79366708733,3.95171231502
5.34269924498,4.73605585013
4.79145101451,5.24667400078
5.62645800914,5.44716596249
4.768331847,6.03258848876
5.25827759265,3.9823864754
3.9933392472,4.99763144736
4.56261629147,4.79059851289
3.36822311405,5.71087235243
3.81602464807,5.43927831412
5.56311263065,5.37073448143
3.54305305566,3.04674147602
6.71126165098,2.73200508037
5.76901366437,3.27026169664
6.65385134529,3.74793769065
3.70502139841,4.92065415738
3.57801881052,4.97816392167
4.937938163,5.65808454555
5.37120991715,4.66416328957
4.54518961906,7.50100515123
6.20062436088,4.72788751153
4.2729715019,5.24493939169
5.21559587507,3.77319203665
3.44788598846,4.63098776629
5.20746250308,4.86700828936
4.7495973787,3.95133611911
5.88246383572,5.5368966367
5.87841469809,5.95455337772
5.35122064669,5.82818466159
5.31628232468,2.65016711799
4.67060098476,5.48789038503
6.0089240584,5.86741468956
4.91043228797,5.85468965995
3.96939844725,3.82013249393
5.32736257039,4.52610651232
4.66714811826,6.24187649769
6.17628595378,4.98099000524
6.45306741021,5.20969969545
4.05588965177,5.366349132
5.58107535881,5.39741891693
4.37382098778,6.99228418391
4.6432613066,5.36147372846
4.33520790714,4.98500638586
6.55372171759,4.62449233348
4.30663033016,5.07262531728
3.22151263522,5.83241495813
3.91098499888,4.69838517122
5.47640868722,5.43447635759
3.66757907312,3.79446799134
4.01265010095,5.08997318599
3.44991932938,6.98092761679
4.87117837527,3.92167904056
6.55192880504,4.93899567012
5.03078534096,3.94000386204
5.32622289335,5.15956310357
5.71394775892,6.14811605829
4.60154113309,3.68403324202
5.62486106671,5.61406917348
5.97144430135,4.53204216421
6.33272515485,3.20782326942
6.10078010687,3.99728697606
2.60809303452,6.15486786389
6.47030390605,3.77740283543
4.14251282973,3.95843038145
5.07939876905,6.79302244453
4.66003941333,6.66873032506
4.49515405348,4.63943203995
5.46159540311,5.37219938201
5.84064335151,4.99436824947
6.55110576361,6.2702141273
5.95630438843,4.76316867574
5.5526725372,5.62704888386
3.61651825373,3.82514737522
5.59798484126,4.22084244307
5.08849655433,5.09008029007
5.32723842226,6.18472979723
4.28219574726,5.45692877689
7.15132803209,4.79823980141
4.83111085174,4.9001465377
5.77910208274,4.91664417587
5.51307296506,5.61948001123
5.03672192483,2.641538169
3.40888105465,4.8030113734
3.68305215271,3.46506266638
5.96825836859,4.79979911126
4.9762916668,5.10967049647
5.39215768712,4.28681288946
4.54832705651,5.98896749493
4.44199656446,4.91245780108
4.61140974889,4.67446484895
6.3112542629,5.78033585133
4.41199209718,3.78435619795
4.75451361373,5.05612179091
6.46651368549,5.02477567779
5.68499240292,4.54347343074
6.52936329103,5.89715685915
5.37009204415,4.78002385098
4.41306284721,5.07963521931
4.72100921388,5.16172599159
5.80368736709,5.44567376229
5.6190236404,5.21916793557
2.07681964482,5.42880231482
4.97394888552,5.15504633655
5.86714846984,6.19821407752
4.65625486007,4.18404721279
6.32933632036,4.15240773739
2.45941067333,4.36339206548
4.69077780049,6.08985031908
4.12693402051,4.47505604381
2.80362860583,5.93826245971
7.25222362803,6.02721531336
5.89500195049,5.03889975435
5.47843405404,5.54221617565
5.49951429926,4.7851081712
5.44493268151,3.49727180974
4.44262121164,4.25955336666
4.12741413796,5.25089886272
4.39926832799,7.29218269139
6.78572362459,3.90936534013
5.10461239222,2.41371237593
6.35038865193,4.44836445576
5.32744827816,3.95886401976
5.15610275601,4.59972520967
4.082113007,3.54139863583
3.87173146329,5.17031889794
4.76412690828,5.43919439975
6.32034812076,3.40924497926
6.10944496125,5.01513760352
5.05792888539,4.82391769722
5.80117058723,4.40074401219
3.27329004239,4.62437334363
5.77100428503,3.73529531266
2.35337420071,5.18952182958
6.70678166694,5.53625363671
4.70403831823,6.13184623693
4.10362800166,5.32671625482
4.78806723158,5.01814899466
6.35902536655,4.7492511488
2.98525715519,4.232855671
6.08475660062,4.3792595728
4.20940535948,5.7095497317
3.78148919017,3.20303452346
4.32908209848,2.32957841771
7.16762842535,6.6193186515
3.92893895939,5.16801921292
4.25425414714,4.08760228605
5.62962675634,8.88390048263
4.65181155299,4.68074865908
5.2791124841,4.22276146809
5.8039791497,4.31872273046
4.34184905204,4.97859254777
4.89796272496,5.97990266083
5.76102011719,6.33537315776
3.75784630174,4.39598806127
4.90630189347,4.3344622818
5.96666799931,3.73710083198
5.66564101238,3.47650074115
6.07702941858,5.00933770859
4.18316595495,5.72006522421
7.27136846249,5.29938540365
7.29314023505,6.32587439145
4.68694260185,3.44227305806
4.87737599922,5.67034253095
4.48833331114,3.657639113
3.80578264523,3.38300208595
3.26767245036,4.41989103768
4.1281960082,4.99395058613
7.33350203834,5.2750643129
4.721732596,4.59578226817
4.09529837559,4.23535812954
4.14723373529,4.16901473908
4.80415106469,4.84058744754
5.09408998364,4.89094410316
4.29846737751,5.78112624602
3.95836818015,5.68915681673
6.38399430579,4.6269383067
4.84717215814,5.11961304004
4.34395818904,5.0441741089
3.87622771265,5.42514729572
5.57376598136,4.88598253181
5.56761074369,3.98930564637
4.21164976917,2.51651806186
4.9106481039,6.09368311174
6.46039385816,5.34969811747
5.08308720132,4.50115234366
4.58540090235,4.91287753595
5.86454508454,4.70706399191
5.47054264661,7.22613615037
3.52784365625,5.88245659002
5.15364376736,6.47517126382
4.19026608561,5.88721876095
4.76621623074,5.19315884278
3.66328111753,3.4846970378
5.53211967727,5.63893527968
5.54512996743,4.60086818877
4.8576620297,3.68569666434
3.72201336094,2.78437975317
3.75466878344,5.22611654697
4.45298393845,3.97908874083
4.70862612636,4.83214130459
6.42112052442,6.00284972845
4.11771493967,5.47084543469
4.45951104876,6.12031490364
5.31154707448,5.33058368643
3.61641943239,4.98271034179
5.25884153302,6.08892392458
4.25021040062,4.01425584497
5.74756435419,6.6000377777
4.23258315861,5.80747753061
4.25663403452,4.43015894646
6.99866799744,3.69851963464
5.90575569918,6.82852566454
3.29112383279,5.49014177452
5.75030000119,6.33960022275
4.91315756235,4.91600325822
6.20502147834,5.27052883662
4.05587921924,5.08372854472
5.22372027201,4.07764873116
4.48870537936,3.37125610703
4.41823597543,4.8418353219
5.24752317013,4.03403451501
4.49406769395,4.74090193395
5.53298151967,4.36847621013
5.47968044776,5.67373304542
6.23097210205,5.59724035582
3.37198028581,5.68864920938
4.97389669401,5.08701544481
4.63597061927,5.76595879184
6.21426479395,5.09642619265
5.98139597603,5.26856595094
3.41308937965,5.81494902657
5.81032211092,4.12665586626
4.79875908854,4.39917465821
5.34162655642,5.03471922734
5.05159389987,4.14213496966
3.80130978029,5.37934099485
4.08254347351,7.08999378489
5.10721103722,5.01123260566
6.42442237739,4.10322342711
4.13858465508,3.36901066783
5.43787304585,6.19060804812
4.64113663255,6.3386944125
4.78975938805,7.34588974925
3.47294080775,5.89196911638
4.42635376485,4.47844031957
7.00818947944,4.94084947807
5.04715271613,3.48664003637
4.87619979108,4.9713934847
6.00753159688,7.22281073767
5.32638892799,6.12031742345
5.22447577189,2.92878875075
6.25671337024,3.26996541042
4.82458831299,5.47850372004
3.54771960102,3.9997897518
5.38652414113,4.745968374
4.02600262636,4.13167934721
3.93845556409,5.18491080861
4.19259119695,5.15974742991
4.71256981697,4.60284767294
5.67064151199,4.09069003756
6.05733563932,5.00521757488
5.14956289438,5.02804663808
4.7666744903,5.40677877299
5.36522627804,3.24745798986
4.28608405344,7.20688061113
3.71305850176,5.1601469207
3.99687066658,4.14986278984
4.84989358002,5.07925962384
5.42495804646,4.63968152314
3.46321979489,5.19720364271
6.20448952883,3.95426286098
4.86314098502,4.6644084664
5.27605619577,6.08103841968
7.01197507919,4.38197008384
4.44708345302,4.97509415151
5.47466655012,5.97197864545
4.87073994276,3.99082189611
3.74651817816,5.5042494265
3.98303731593,3.37397053223
3.97287592166,4.08075136385
6.32714890657,4.48015926823
6.57916216458,5.2387751321
4.1750175703,5.79044271348
3.94239300558,4.28256865847
4.22310971229,4.53646809582
3.78256982286,4.55487179722
5.43510818233,6.16241841272
5.48384887399,5.07531283548
4.31840844089,4.81085882027
6.07182473109,6.64410713372
4.86734711038,4.47034846666
4.88311455532,5.7700337351
5.37892397774,4.62025985757
4.88193192057,5.24808171386
5.74540452907,5.90217826778
5.7854821817,4.24561987061
6.44648095517,4.30145347277
3.13013502291,5.32659185568
7.10219094815,4.77047622553
6.20977270983,3.89454711904
5.53482209939,4.99370627894
4.68527028054,4.58347614588
3.69088825967,6.13625482509
5.46113811085,5.48163735107
3.92016925571,6.51562838024
4.48357727792,4.77019871341
4.68857721847,3.72555408128
5.6892366513,6.79801013403
4.99610978425,4.46863842625
5.32375968144,4.43016090576
4.2519821492,5.52982806854
4.62503343268,5.10461223421
5.55938059383,5.30351842392
4.562554933,4.72804391811
5.42007716466,2.99859687181
4.79574307128,4.21884718713
3.92786266893,4.25514681019
6.69047437291,3.73581765651
3.94557437754,3.93295036507
5.79217143064,4.87652368887
4.82477000658,5.84296434928
6.33668878162,5.05721382308
4.76005099932,3.76049121492
4.72101931737,3.34117693255
4.05107285697,5.32308459568
5.28548126314,6.93001060841
5.77912429326,4.85727940955
3.08025154864,3.69834810714
5.60999575195,4.70869739603
4.75753722482,5.36186367757
4.96169611067,6.46569692098
6.18612671081,4.51261648473
5.08964865149,5.64258486804
6.01655668978,3.13818162633
4.70408024182,6.82475854545
3.82242515725,4.30172452028
4.03727382827,2.38954693806
4.94898042209,5.58523607604
5.62113582228,6.29510927667
5.1787036402,4.56674830814
4.92781352284,6.20605981711
7.0826487634,5.016768256
3.20997883378,4.29762710473
4.99699299142,3.89414885863
5.99951142806,6.41072556922
6.51049616598,4.86811532508
6.58980553782,5.31908048009
4.78212939086,6.35642428446
4.0410808551,5.1998498467
5.54841472568,4.25722352789
5.84321506513,5.20097835859
4.08949448096,2.34054424025
4.24523774288,6.28104091487
4.18399146525,3.05161742186
4.51362597323,3.54214346711
5.36661757156,4.47563824454
6.45575520996,4.62554411445
4.69639655749,4.63005836243
4.92702699014,5.49063271566
3.46810109312,4.78284067668
6.15271395968,3.97145424861
5.10684122847,4.70185187412
3.83887237526,5.77130861959
4.44598173286,4.22663423907
4.11768866594,5.39360926915
4.60344174375,4.25874124791
4.70992553916,6.16931446179
5.86280809946,4.84006679842
5.29315219754,4.44087015986
5.00648772823,3.93843444117
5.11902272033,4.76200275265
4.93084750588,4.15029113859
3.37218029707,4.04677935881
4.21678733315,3.78333984094
4.89727166572,4.1886466993
6.13143213772,5.21033460904
4.65220409593,4.60271010019
4.56433864705,5.18732007187
4.64363454979,5.81939930779
6.43572805331,5.40135395694
3.73831738023,7.64216051866
5.30400005175,3.71528154275
4.74773433657,4.7595974661
5.08673790491,4.7160634551
5.97695676926,3.12745016846
4.50315392819,3.98771439041
5.45977474251,5.08796246054
5.0737516495,3.17787037963
4.56264637663,6.72195510957
5.82871513732,4.98536968901
4.84803737191,4.52898190062
6.01513164233,7.00919722743
5.03819261012,6.22810128857
5.49823614985,5.64581765803
3.4697130785,4.9691503915
4.76505647113,4.6718781953
5.87022420557,6.48431828846
4.31055394477,4.37632990287
3.20174478399,5.64418732669
2.88564279718,5.71100192558
5.49949479479,4.52500158101
3.94733872359,4.80117891217
4.86920991189,4.48261764347
4.50155531171,7.8013673063
3.94799313766,5.71786808478
4.76947828069,3.41843990159
6.06533380845,5.67652640298
3.0262245956,4.23287978911
5.2128104672,4.62857153639
3.30239618254,3.95653595809
4.75924170718,7.11490308043
5.80184112157,4.41167239106
3.14105040231,5.02004891623
5.19866050515,5.48826379082
5.8883497554,3.97211002683
5.08180665375,3.99305440259
4.7485699097,4.88655507567
5.50181468501,6.76314297799
4.35414955619,5.07472835933
4.66094383609,5.96498143671
4.39171209208,6.79174471677
5.53910566287,5.35302442167
3.90141985164,5.65587378635
5.2180766994,5.16845873005
5.50860471369,4.12865651469
6.87622807224,6.03642043872
5.00064191995,5.80004539064
5.64136665018,4.69470300963
4.17781180014,5.2502557697
4.7403604628,4.67512715773
5.04160803632,4.41903683788
6.21519719265,5.00620356496
5.3910282228,4.20656319719
5.62717333459,4.04899650367
4.82602012805,6.35522215488
3.84352763547,5.5735883777
4.58809642315,5.69412592862
5.17473829131,4.080380559
4.99764015927,4.3156468252
6.35691043811,5.44832381997
6.09474667209,4.31556665018
2.38477079078,5.38566608335
3.12173203138,3.96403138541
4.69899030541,5.17638807049
5.11929605829,5.4862796933
5.80810226516,5.45503699091
5.52301737783,5.04080945315
5.83139405772,4.04713794374
4.52845381187,6.13938953952
5.24625485417,5.75481966531
5.66015105554,5.47974462483
4.64746140498,5.46742619758
6.35584977783,5.73162993386
5.62003431371,4.50786448236
4.54058627429,7.10679922373
4.4762144256,5.16178563698
4.7278228081,5.11263431733
5.80696294721,3.99470896623
6.71771621597,4.81950466403
4.95280784294,4.32921413144
2.60066515824,4.48050832736
3.88941825482,6.40448478609
5.7062791015,6.76354283728
4.44684766705,3.74961739
4.45127085993,3.23319444155
4.23092281544,5.00319338242
5.66613765275,2.63369400279
4.17192889602,4.92228207193
5.68644191624,3.63407225104
5.35741141199,6.34244129585
3.63007975597,5.51727529474
5.999332267,5.26726921518
3.59261512155,5.74803113296
6.61795937665,4.0973906991
7.02046661476,6.40638098122
5.63864251276,4.29821596
6.83143115362,6.40778531965
6.71522257095,5.13165745678
3.93318888801,3.82741786567
4.99584906547,6.80724093958
3.00936969339,4.50059785992
3.21539842694,6.57434023418
5.96235614343,3.82047965747
4.31119560791,4.88368513859
3.48177782642,4.62796713644
6.10307368607,5.13834301918
6.85335659754,5.6743273742
5.07227095881,4.36484913466
6.40301123951,3.45369165285
5.64532635262,3.12770474628
4.97978091843,5.7853252857
4.95670730497,5.38306418398
2.55664711029,5.20042048861
4.53604756782,6.19137409938
4.90804729337,3.78670344644
4.90911639984,3.97229211641
5.33965613463,4.95261288805
3.85129864653,4.45417697197
4.02938855324,6.06411875875
5.17604432812,5.75819354439
5.67212126015,4.43157100483
5.2668665623,3.50862133448
5.09158984042,5.2682254682
4.48858447869,5.11007642411
4.97101311223,4.52156966488
4.81997767829,5.13697551164
6.73181134286,4.66691932295
5.34519735797,5.68031148877
5.86616887003,5.27454266594
4.93739509879,3.82413480679
4.78674750375,5.395317087
4.79827919253,6.38846519206
4.76754568006,4.77801647311
4.83140977275,5.84560656095
4.34889763822,4.5976146662
4.74513768982,6.16489434922
4.28873426318,5.04088231603
3.15931661493,4.69152755861
6.55834188124,4.31353836141
6.43742837037,4.83358139795
4.73900287809,3.28497275303
4.52125095734,4.50003571351
5.07102469778,5.83843513645
6.10402369992,5.80056564364
3.7512605596,4.68921535452
4.98701838832,4.45113905923
5.59385704194,6.21638583647
5.14931776312,5.16843642328
5.32784800299,5.26089839524
8.02472464858,4.1386292203
5.49649445297,4.19796834337
3.82212646511,5.04952099725
5.42888273661,5.77622796303
6.46177351632,5.80565070589
4.2079819547,3.95707816263
6.48323813245,6.23713672348
5.16220751743,5.9651788218
3.08308121135,5.60098146935
5.39304594395,7.27500199102
5.91228843989,3.97401347603
4.15864367938,4.45359334686
6.37160156385,5.50653908916
6.47754450421,4.86420555555
6.00595372066,5.71851861628
5.22670445532,5.94738743983
5.89852208899,6.75479570701
6.01766259208,4.74976681484
6.18240421316,5.67610837933
3.66166594125,5.25183477253
6.42922822277,5.60046409559
4.10430705745,7.60632594469
6.01364080881,4.92061773801
4.60054108651,4.30907453868
6.21250364662,4.18590656354
3.17686317258,5.8475650954
5.54215335878,4.03762367542
5.06513755347,5.92745299926
2.87434978971,5.96056097283
4.31705793932,4.43405456209
5.5787178112,5.2084561582
4.2955449013,3.83844951143
6.75167034755,4.01207680855
5.24879480814,3.73745516848
5.07391858104,5.76613738991
5.03647058972,6.56701593395
3.91079296987,2.80750073872
5.05893970819,4.84729310955
5.59928687227,5.54336082371
3.94837791511,3.12235199482
4.98646136402,5.1054399197
3.51305363855,5.01028898139
6.18913106263,5.14802613587
3.36124912751,5.71977240433
5.09395588137,6.49473042083
4.11073665792,4.45524509174
4.46932792607,5.61521807925
5.76339757382,5.54455445022
5.38466219581,5.39491174282
3.94502673908,5.82674904838
5.93944155312,4.61585831252
5.63507704137,5.48722570557
5.82500912557,4.99756242332
3.74350610901,3.50796944751
6.37801017231,4.1319379034
5.80799138734,4.70383671858
5.04120733085,4.79971965663
6.73950588018,5.94949753064
4.94851238008,4.93214635298
5.24594059426,5.06645533948
4.73334289265,4.31167470048
2.91446312096,5.40875350767
5.99705125114,4.5588180586
4.9000870577,5.28454569936
5.28320399444,5.04523712958
4.85629612883,5.10926591159
5.29297115542,5.67751865236
5.25900613345,3.81403024771
4.61077720801,7.44957556156
7.7342124705,5.51043038722
5.03073187317,4.55143265623
4.90341596179,4.63753708006
5.42409525487,5.38551465548
2.77887198176,6.05026152895
5.7326936398,5.52174919907
4.65060175002,5.38183339819
2.89437136849,4.78162859882
5.81408424157,5.20308553016
4.93206697926,3.74798711823
4.26776976886,5.79204060561
5.86092991387,6.2762437706
4.55734393707,4.4377387039
4.45155771258,3.73866128659
5.16255505486,4.37752134723
6.15428629246,4.58519893744
4.87379529831,5.49657167609
5.90634102916,4.155136174
4.36638117684,4.31782920033
5.2580321924,3.5146006607
3.97393882177,4.66989512614
5.71840807721,3.86447784126
3.84693325181,3.44863283184
5.51865820806,3.84736443441
5.54153989669,3.5353777938
4.69427532348,5.38721029445
6.44202957629,5.03537773039
4.63089365667,5.14387126566
4.7680159005,6.86605062885
6.17098937637,5.62298155244
4.51461976373,5.97683385427
4.30108507415,6.84137982613
3.54743061919,3.9031272943
6.0141809979,5.81441799758
3.06519637243,4.33198611334
6.47560208718,5.78568889236
5.92306889327,3.64341319162
4.35282029241,5.11715182749
3.59297887159,5.72182708894
6.13300474478,5.11589681019
5.06589281109,4.45598938493
5.50633809575,5.74872888787
4.6891556457,4.27201655133
5.58264117988,4.07629640032
5.51921717056,5.3811484155
5.44671258533,4.40543137503
5.35192586059,6.2930643497
3.74906407908,4.84160456377
3.84068283574,5.67956920888
5.38269515375,5.13102788347
3.73432949225,5.50742340902
3.62640048672,3.76097581666
5.87308894038,3.67463247154
5.19566301166,4.32396264245
4.01752618947,4.88577145186
4.5299479359,3.89180334593
4.97611572462,5.0659003982
4.87580918071,5.14286963925
4.74025228301,4.59662467157
6.1393814197,5.58392106563
5.53922847922,4.99628354545
5.66875461078,5.80037850677
5.10394659215,6.2433825343
3.43956850238,5.7765912557
6.45170084062,3.76413062961
4.43773648422,4.22445813473
5.78090243152,4.29865040767
5.2389349501,4.65840092796
6.9316693071,5.48888191296
5.17009528064,5.40098263062
5.90793014267,6.66652377148
5.14067266901,6.33286988773
6.79874808543,4.25650549575
4.49284999409,5.58217303173
3.40871410291,4.188003429
4.81521007263,5.85833519646
3.47810767834,4.2243077668
4.9422728361,4.54639976748
4.91658081932,4.72752457901
3.05261621677,6.71950912876
6.36020243557,6.83933798514
7.0633072892,5.4775994277
4.7914121988,6.50787340365
5.21636712693,4.73068223025
4.80619036564,4.92786101386
4.92228047714,4.43532928099
5.05092626012,6.27830042904
3.58146687332,4.05401335269
6.60592129043,3.88943841635
5.9836632008,7.18882045049
5.66154478413,4.33375327173
4.19998857037,4.83984867405
3.77126203937,5.75912063975
6.3176894646,4.52501050416
5.20745540948,5.5290956244
6.24680673557,4.64046202351
5.13713844395,4.278371361
5.25589073189,3.93339662078
4.70900811731,3.57686930144
4.47508230614,4.80718655544
5.18346980198,5.96259533876
4.00256472506,5.5136677757
5.04905028728,3.70142782754
5.51654183783,4.99641152681
4.07701942793,4.53974106604
6.12004113506,4.51061375488
4.98561847734,4.68101625756
5.28026206978,4.21205970626
6.52838030828,5.67285414558
5.41624352905,3.43484882295
3.35249928575,6.25267396251
4.4323276725,4.82957192596
6.09484940771,5.18649548394
4.33534401111,4.53727298433
4.49235461653,5.60140970068
6.05668659138,5.35024540189
6.67843527808,2.28956638708
5.41178585697,5.44467197517
3.772744288,5.8769329733
5.47883519013,4.92784106187
5.75250915422,4.84258251384
4.6354571172,4.0290631849
5.04387347623,3.27537934028
4.70659260361,4.50797824885
5.552976267,3.88901771469
6.71571555702,5.35557870851
6.47591105457,4.65966658113
3.52897854457,4.64061961067
4.88039571901,6.27880595002
6.04776675095,5.58612853045
3.26338637005,6.1007418795
7.49757993834,3.94073440233
3.23979963062,5.98367427238
4.7576253057,6.46325608134
6.44416569568,6.08941714582
4.9782922938,6.47093008781
4.0566617687,2.83979748681
5.23992577794,5.79519965534
3.95857074396,5.81597674153
6.63665722494,5.2711509795
5.01918802191,5.34031343764
4.56855661975,5.41252017547
6.97044272525,4.14014832346
3.75520817149,4.4480670753
4.79909637659,5.99197166923
5.43243561065,5.46883466429
5.89912148663,5.31378062746
5.22472942033,3.89343812251
5.44460007564,4.20737991048
2.95701416025,3.23376374958
7.42045222467,7.2633004885
5.38631145349,5.9753953639
5.97332962848,4.34965875106
6.44501962542,5.98481093704
4.25139002676,6.07408520532
4.36465790952,5.3820385577
4.84933465469,4.97669091915
3.46581990675,3.50250277404
4.94600980094,6.24857080086
3.78151925196,5.00893784972
5.32384979655,6.75837863409
6.61861861731,3.83595119439
3.79967207333,5.66150169016
6.28218049019,4.38995723454
4.69782064345,4.99975575577
6.19781386725,4.5682531119
4.53633959085,5.5033610336
6.81225703415,4.56912850192
3.51963906578,4.64234115711
5.71094905418,4.07604812709
3.78034335595,3.42481621768
5.61115104489,6.67941987078
4.08676003816,4.78913761552
5.33144071879,4.643654403
4.19741647092,4.18779139176
5.21454683303,7.43020660974
5.071060489,4.92841310221
2.6979004203,5.3992634613
4.44912894132,6.6408300019
6.37635869495,3.98743201958
5.99177602362,3.12216414567
4.08375612846,4.78553964429
4.93691391928,3.09142507153
4.38972176985,4.73339400345
3.29478793106,5.17952270529
5.98004511908,3.56890554974
3.98496860526,5.9676438576
5.31572427173,7.10617368921
4.68927780311,5.25502572759
5.85175917251,4.119657784
5.00512064002,5.78184657698
6.19941858899,4.89703012378
4.78544978486,5.1525958068
5.91996399678,5.02143565799
4.42793735416,4.50176829578
5.06290634951,5.75252232653
3.1715051079,3.96283224543
4.37104949629,5.37956648629
4.3268533258,5.751585287
5.35241821186,4.58946122307
4.80426957077,5.36967413126
4.29246941784,6.0105307149
4.53020089857,3.65112778792
4.8496042263,5.86690878279
4.44497878338,5.26819484621
4.08759521698,3.96647824825
4.91801402588,6.41699866048
3.83323999589,3.5496399126
5.40223057865,4.62736672293
5.98121155678,5.25473454666
6.14212149272,4.39983283876
4.94340928883,5.339312822
4.6761299545,4.4781402581
5.08271505126,5.19604270097
3.90095336527,4.79231244053
4.8774118863,5.22103360453
4.39309993748,4.84765926713
5.21548006903,4.82636431929
2.9389908267,4.14922765929
3.66876796466,4.96354774827
4.77683072305,4.10830949235
6.26990332046,5.81859118362
5.65769027634,4.51545111135
4.60591922412,4.73621602284
6.06882682001,6.98425830874
5.26424362577,5.38006214358
4.81015311173,4.99074806023
4.5018456914,4.70629237727
5.85128928298,3.75748834488
3.70110784935,4.99617202925
3.85410225514,5.68253972336
5.74225731789,5.91040304199
3.72276906172,5.84008086163
5.43720901906,4.02147157183
5.34632951306,4.90476388716
3.23100455821,6.48311326472
4.46106551359,6.54351548984
6.76240841642,4.69458403403
4.73687426157,4.9178199127
6.12010059364,5.2928283822
5.32067366993,5.59820150879
4.56097441415,4.5364658513
4.85948532086,5.31007798731
4.30197422249,5.72449204569
4.18817814744,4.39652190249
5.26231712654,3.2588365525
5.64217624311,4.91981272715
3.88299838567,3.42547700605
4.74476216861,4.13212892202
5.62803170935,2.96598951728
6.42234597791,5.31320287818
5.55096312472,6.05427635769
3.29819455363,6.04597613968
6.46692524131,3.73662700359
4.55176717339,5.2498744276
5.23842258516,3.96386219494
4.16433229015,5.68559411536
5.33148583801,5.34671052807
5.55033216313,6.45543734027
4.85326283704,5.64679021388
5.12742916339,5.26586880586
4.26334952264,5.60976047731
4.07613430817,5.49268540229
5.34196531161,6.27381004836
6.21012398844,5.50424916743
4.48635362984,4.07780001272
3.618423562,2.94331591971
5.45226211189,2.48885316016
5.03976127944,3.63771616073
4.20368780588,6.06048767088
3.80765921009,4.10893490349
5.06002062039,5.54137852154
3.76956549033,5.15558308064
4.2395984165,4.31875280523
6.02864176613,5.14950196173
4.13741438681,5.33609897801
2.72645163435,4.93358663698
6.8469131551,4.65274463651
4.34283232123,5.48682600826
4.80717888764,5.37902879612
5.62147531263,5.97595083834
3.69845973776,6.24108025795
6.02695175,6.87124122935
4.47751766289,5.52093737593
4.31511585241,4.66962236879
5.90255677331,3.72204631089
4.79458011211,3.73960411986
3.87197972905,5.41577115561
4.03167186102,3.99817960836
3.47422364097,5.6578641267
4.68458158988,5.4153092835
5.15162415805,4.33903098447
5.65831053494,4.84041047042
6.20036710045,5.35296004183
4.08044631023,3.92565465895
4.41315456087,6.65634149236
4.77022841707,6.0607363128
5.31490080561,5.04867699701
3.62429043048,2.77310377456
5.42620036723,5.3898614227
4.52205129534,4.77661432175
5.03124452619,6.51377302857
3.44047810903,4.2641187715
3.09140220194,6.54655702203
3.75559670874,3.96958312284
7.01045279385,8.32568443098
6.15774379741,4.12630433087
4.32217444422,4.52890285549
3.01074118526,5.8329122529
5.19163260747,5.28395843761
7.06659450856,4.90956776985
2.96752924983,4.97858068284
4.02600824135,4.74114297318
4.50480905577,6.14923430503
2.92548624339,4.03540012394
6.08618542513,4.31166432229
3.5952106156,4.36479281532
4.2629664344,5.09560497997
3.25012481721,4.2760232416
4.02316359782,4.69419718245
4.65294410893,3.3562636563
4.95427835671,2.77030556908
5.34134598488,6.26496002523
4.9126770628,4.98209511506
6.88308514768,4.15315362235
4.82817126912,5.69671810471
4.00058400785,3.57122840249
5.76681802006,5.03443652247
4.80279262146,6.21407013876
6.12042752713,3.19093207336
2.99548788511,5.33314808974
6.58547618452,3.08329015995
6.29477554544,5.76160256362
4.74927074548,4.85031419278
5.21739615155,6.01190245336
3.2488276871,3.8983899714
4.45395069956,3.66987043871
5.07202674375,5.40414302424
5.39569053892,4.7308500181
5.76770661158,4.67930343385
4.65991396575,4.89302290214
3.11084762305,7.47243436182
4.16142151581,5.17134659901
3.00919849492,3.28615889116
4.70677994757,5.39412949614
4.05584203668,5.27890769726
6.14918248035,6.2817990092
6.44824621358,7.11745720649
5.86787092848,7.72781890889
4.498176873,5.79219366307
5.60109056389,3.28935282418
6.93648676206,5.17293044244
5.59207767034,5.97984734247
5.91077183361,3.10361423864
4.88472665998,5.17335842357
4.290236191,5.23806672992
4.23341593796,5.20599385256
5.42842343436,5.9372214786
4.73050137047,3.82765932846
5.33488669162,6.53476405005
5.13204252248,5.69853105873
4.03728303019,4.57075622442
4.25978575928,5.18817088289
4.51914003194,3.77810974963
4.66195685646,4.47110040452
5.03549145901,4.73474427598
4.96209570157,6.49742417289
6.05362327832,6.94029203772
4.37283841854,4.74734977669
6.47544984075,4.30833092086
4.80449219784,4.06208919949
5.77383676606,6.6226083304
5.30322909342,3.78288097179
5.43289233199,3.79483338358
5.31766760084,6.6062081601
4.16520319184,2.90576602394
5.89336294382,4.30071414
5.65074102277,5.29760131946
5.1354932987,5.26256800953
5.13263808115,3.77482050175
6.54901603091,5.10765200061
5.04589393045,5.81782810446
5.73662310596,4.15656214294
6.33892748219,6.94705375958
4.25183032706,5.83642462761
5.18587447709,7.41843075049
3.60314887109,5.77547168387
3.22949904313,5.25586638215
5.06370557317,4.78186287589
4.08743166016,4.34660480823
3.17364214149,4.27228082679
5.67791093592,5.71275153056
7.38747743179,4.38193283894
5.32559310957,6.31450172748
5.99361408415,4.6797523838
5.92484656563,5.36903182685
5.40596845146,6.41959296574
4.89000602218,4.37159426079
4.95743202951,4.98990188644
5.69493909007,3.62905869733
4.84969177469,3.96751160225
4.09163404557,3.33884200157
5.6646373455,4.94316178043
6.65449544997,5.71772319554
3.84607968023,5.05260073933
4.41805771701,4.50573429283
3.18434403341,4.48827157747
3.83912361717,5.21667015572
4.79954449931,4.2899933451
4.1028378436,4.74469518909
5.52416507177,5.23083582685
5.08145726174,4.64145108147
4.40391355561,5.79249381729
4.29529540033,5.55656205773
3.60292313747,4.88738183971
6.31621244513,5.01443944261
3.85538206445,4.58312136252
5.83934161944,5.40565760384
4.07085104311,5.03752890853
5.61286600714,6.40472442916
3.33551424601,5.73492463465
3.60041091712,5.61081706097
3.98330772206,4.36414839711
4.02932708542,5.27639465689
7.2040734283,4.93096336776
3.28694690466,4.35640512116
5.0650592799,6.3361087307
6.06054352859,5.96810857936
5.29658588053,5.65588466747
4.55395485168,4.65568351099
4.92689093824,5.87616260355
5.69889429846,5.95946154415
5.65223863633,5.31688272563
3.37907565629,4.20162547755
3.27451316316,4.44507004937
4.86928571007,5.94274669911
5.29906933441,5.06453017498
2.45955185822,6.77032172703
1.08690841512,6.66355853566
2.44738598379,6.50673329447
2.10419449098,8.22835713413
1.98884923585,6.75541190371
1.65643429677,7.19355440049
0.882060931532,6.92222924367
2.21992885613,7.1097073999
2.53816770824,8.00995237612
2.2019772963,6.92602134311
2.27624139984,7.02734197767
1.97092103377,7.4460531746
2.4603941333,6.90177431731
2.38787915543,7.1786795093
1.77236513472,6.58246333147
1.80409408932,7.46058038745
2.53434383391,6.93071687896
2.50364493444,7.42589265498
1.77320547955,7.61053310731
2.24783801218,7.04805384043
2.16703632229,6.78078638955
2.3360718233,7.1852103029
2.07077215702,6.39970916146
1.2175858662,7.89352532032
1.25964022248,6.68448773035
2.64968292087,6.91055760683
2.14936273699,7.42533867667
1.54787401303,6.78601713285
2.00000294213,7.26382148305
2.19230638699,5.95764782997
2.15924044274,7.12498043261
1.81918656842,8.37528876771
1.95115734063,6.73786250806
1.47369526251,6.75461718788
0.718470633523,7.28247196621
2.27856769636,6.04319773478
1.71724751543,7.53438192355
2.42488107778,6.54307754443
1.68852297283,6.72596408366
1.62425305101,6.68788723246
2.92266827458,6.60055398418
2.37221978704,7.16273243622
2.11752492121,7.0616982764
2.01972170847,6.9666690499
2.38960171851,7.2472781297
2.31720758292,6.89432042584
2.65548480002,7.03951697413
1.59688074655,7.27293797102
1.44073693106,6.76940610771
2.06080428205,7.81231067937
1.23504944531,7.27906823878
2.21102683137,6.54374140177
2.08756617705,6.37735921589
2.22587980856,7.62632399959
0.985245978652,6.95821525109
1.99601094729,6.45065569509
1.77422785438,6.71955484549
1.59265864736,7.00964791186
1.38857167688,7.3555676115
1.4379563581,6.90660517051
2.90035117534,6.87665446529
2.22377833568,7.00100307413
2.12283716296,6.5977115238
1.97196971702,7.07800752054
1.9668283557,6.19244301902
0.881078918854,6.74233335543
1.51648004268,6.9095978599
1.87353728857,6.53709660338
2.19434330522,6.66883306913
2.88181862513,7.23694118627
1.54716697539,6.89101453759
1.27537618469,6.2506417802
1.17958060784,6.69628169464
1.98136549746,7.06758160417
2.54875357806,6.96409358733
1.8855636944,6.41450950577
0.983470770868,7.4047182169
2.26561662443,6.46751244436
0.635814398359,6.95010876239
2.9335762541,6.85760457963
1.65392015271,6.31025837452
1.1187669614,7.26055376644
1.98435588338,7.20666862354
1.56494626447,7.57451304884
2.68350305312,6.72802488191
1.03200827425,6.91363943666
1.77682882205,6.68194681673
1.74059413048,6.04565553318
1.57781609423,6.9374982079
1.5926855361,6.22598795947
2.2095681968,7.19979398459
2.7182446172,6.96974637732
2.77794803113,6.77854560388
2.76679221746,7.0547491997
2.69754332594,6.32444477492
2.18391505193,6.58619378635
2.40253277193,7.24115625021
1.64645633719,6.71434751941
1.33820117521,7.11225965867
2.09326970226,7.1332552159
1.84416516462,6.56279783108
2.03388169692,6.92117139006
1.37438161299,7.57580114179
2.56360136092,6.96692451846
2.09983378632,6.37752872899
1.50560133031,6.1137535885
1.61314800079,7.0749173623
1.49875602422,5.72323053983
3.22117825392,7.56446331687
1.61108629915,8.15275532609
2.19753389638,6.99659222081
3.10693364203,7.02276404511
1.82774969745,6.66350375558
2.33799887548,6.73505165201
2.11406178563,6.41383950763
1.48727532029,6.44878755857
2.1047899758,5.96317249915
1.48939802216,7.957838661
1.61398179848,7.60457320301
3.06384585634,5.96109295503
2.33949073031,6.17961346349
1.66389193657,7.87381494612
0.899102735539,7.26720371851
2.22118093822,7.81004874304
1.11751825834,7.49089965561
2.74558490192,7.99418408274
2.51649792347,8.23074764793
2.01201302466,7.4659687329
2.16412926309,7.61321400888
2.39709550053,7.2219272837
2.54219205285,7.34705505755
2.15972148205,7.6893373017
1.12238312792,7.1613125903
1.83034112342,6.89740065369
1.89478630048,7.39610590151
2.11065070221,6.50620647832
2.05817599706,7.27026663863
1.55574993114,7.16070253474
2.57022411704,7.39147205213
1.92992660133,7.26841967665
1.34538244797,7.09908502242
1.2619050246,7.35402151014
2.19427180411,7.31407597614
1.93569184909,7.54522930268
1.06760017481,7.32357343371
2.57857190225,6.37187251854
2.38271483438,6.69465815115
1.08974156904,7.07580554286
2.11985868849,7.41827058549
1.29349744311,7.18472890607
1.62824586753,6.89014086929
2.37701895752,7.25393887344
1.62275721002,7.658071376
1.18089264118,6.34648142936
1.85958883396,7.71243770588
1.85551273039,6.95733094038
2.23523904093,7.43336631136
1.87181455603,7.10742425346
2.26164085806,6.72477239367
2.67799464719,6.13607707351
1.74488530999,6.83227546224
2.15403705655,6.88826713131
1.76743298978,6.31307253285
2.08169581715,7.19026233562
2.0516670438,7.29027269293
1.76687934904,7.331192433
7.85917848493,7.26312919548
7.48605679965,7.7801090011
8.72864164761,6.31965234012
7.41781347352,7.52518918238
8.42186585908,6.68109641949
7.83409219497,7.589178785
7.71743848637,6.16377086641
8.61630883519,7.67631231201
8.6483640464,7.59100889518
8.24584873332,7.00001434643
8.08354439533,7.09018406904
7.81982489883,6.8262066138
6.86499316178,6.68638949308
8.87960543577,7.5105044955
8.07939821426,6.5112877091
8.66183583258,7.01780249441
8.4332978327,7.35325605384
7.9364242973,7.18643933998
8.15947235051,7.52776492726
8.79162853416,6.76826809728
8.97937653689,7.39845821827
7.57441117946,6.76968952234
7.8238177749,7.63950275033
7.38261635182,7.40838329091
7.86628485078,7.07560199842
8.80828454287,7.26471757556
8.37561851618,8.34124342534
8.4176046995,7.33087839864
7.90398334126,7.57254488102
7.70030644549,7.68904404693
7.78715803446,7.03693960365
8.30612090458,7.08835128694
8.42696562815,5.99135599645
8.32037017977,7.29318971408
8.26567838492,6.58694449146
8.14317255212,6.72775638162
8.20734341133,6.12810128187
7.91473364508,6.92374022447
7.36619237431,6.70355017311
7.18703573479,6.62731579308
7.77116037115,6.98275505143
7.56368701271,6.22057896138
8.35710881124,6.11505882622
8.13999003513,6.82067681549
8.71160292723,7.31698833111
7.30719893526,6.83885881255
8.37252237963,7.01255447614
7.53938084917,7.32563326007
8.25900349877,7.63815246331
8.027091161,7.08091912106
8.01224740282,7.93592338711
8.69106971577,7.3216448656
8.32431104424,6.70662263699
9.17593117875,6.77176025512
7.82013763608,7.66682817359
8.10064111358,7.12255659435
7.50958496576,7.65749246342
8.9476455228,6.73249774451
7.58464401229,7.81296603913
8.978186073,7.58289659816
7.89636773715,6.44215202374
7.83673172783,6.88634052173
8.27741228808,7.59200399428
8.11385700904,8.41492595652
8.08730781085,7.58561637745
8.60193938033,6.70276139959
9.10305260368,7.57056716876
7.39390482119,6.348997246
8.36105229024,7.23606293006
8.36052249182,6.47257329335
7.6960062329,6.69880817819
8.20728910085,6.87290470204
7.95457058148,6.714326096
7.09576867014,6.34656133377
7.43369163743,7.02496627734
7.99770878096,7.19653162816
8.28855367004,6.85898448836
8.34158968939,7.2303811336
8.82981201173,7.0695400372
8.12789107363,7.20662982768
7.82466511017,7.68832054728
7.38082325175,7.43457016884
7.41466157063,6.88951559027
7.63731490154,7.95085387664
8.40638292608,7.11552332197
7.33072561358,6.31319116983
7.05327116449,7.36026355377
7.29825649666,5.50694953672
8.56619522632,6.42042127409
8.76818893415,6.97708892544
8.78731697146,6.8947816356
8.47411467608,6.73925861502
7.69016670187,6.64854919566
8.32938234138,7.02159307065
8.29675502448,6.73180404383
7.99502190581,7.45154525503
8.24073611203,7.19685045439
7.80395452022,7.08576775346
8.27448399727,7.00844506708
7.84511135956,6.72287062837
7.78785769198,7.07496775845
7.83967510975,6.39419334827
8.1405360399,7.5309881218
8.22311358048,6.89622536337
8.00104096469,6.66705103906
8.39657761765,7.22983868166
8.53702260174,6.922349697
8.13785388777,7.10576740577
7.88325152993,6.69079571385
8.57837758535,7.20308441876
7.77096688109,7.28758266284
7.95780928848,6.39043333841
7.88336150263,7.05302890114
8.102524033,7.35009539509
9.07416250387,7.23188377599
8.19625863816,7.28698332608
7.96379908302,6.93211177384
8.6111091575,6.86787419013
7.88368871708,6.43708132505
8.3117165004,6.75219805971
7.65392063304,6.70401101396
7.73528490359,7.66696263814
7.86370918658,7.27244266237
6.82041054422,6.74059428705
7.38022279052,7.73180588565
7.24129666596,6.29815184047
6.85889215971,6.5291204215
7.7821803026,7.25220550513
7.78321539353,6.39405796809
8.19344013073,6.42295045018
7.50144896558,6.82357261018
7.75999870905,7.37655482453
7.22819739747,6.07684999479
7.62928308734,6.87081279923
7.41343552164,6.89801436099
8.50424154416,7.12277174343
7.99199593922,7.18070478412
8.12189499376,7.23257713724
8.46862535925,7.59718974908
8.232134538,7.16090905309
7.68855283394,7.32519588676
7.47233308527,6.67015897416
8.33078695999,7.1625092879
7.87592150632,7.7233253122
7.29840757791,6.31982076412
7.74861053459,6.46705564811
7.19544021729,6.49586118882
7.20941818729,7.37323447091
7.69902509122,6.85229477232
6.48133638905,7.28857237408
7.36235048679,7.0547134268
8.78414802006,6.90087496831
7.70270472402,7.07863423793
8.0765941054,6.98798190721
7.90793836634,8.03928073618
8.7385605144,8.18940045245
8.67172451152,7.28334529496
8.6024673367,6.89799106296
8.15163971016,7.25317868954
7.81886230522,7.22649734149
7.20622406813,6.08934467186
8.47136953598,7.13326641169
8.18238060021,6.97892172211
8.715991656,7.37981590604
7.81904422636,7.64480185969
7.05996993002,6.68862538735
