id,Y
0,-0.8350384627511671
1,-0.15473811976825785
2,0.44351021515339417
3,0.7590383426174387
4,-0.8350384627511671
5,0.5030353796253343
6,-0.987443409718116
7,0.6885996575338118
8,-0.41882144384142544
9,-1.0790808339709734
10,-0.20097276860295224
11,0.7098070035804959
12,1.106119282827887
13,0.2273398810184526
14,-0.6160706903775984
15,-0.40589821734422793
16,-0.9920045484818332
17,-0.7821921653508627
18,0.3971880006959071
19,0.4082650519792188
20,-0.36712853785263516
21,-0.020786067727740505
22,1.9848986846373209
23,0.23529263578595888
24,-0.9745201832209197
25,-0.5997466148021907
26,-0.14484904210083702
27,0.2847764432282196
28,-0.8350384627511671
29,1.9848986846373209
30,1.14355207681977
31,-0.4225137942691962
32,0.3971880006959071
33,0.29749453914609664
34,-1.204553614871037
35,0.09810761604647719
36,0.2847764432282196
37,-0.08281755491428885
38,1.1867602161703998
39,0.5592627510517374
40,0.24210928272953577
41,0.2273398810184526
42,0.82697759048842
43,-0.8350384627511671
44,0.15626213528386637
45,0.6279599024315775
46,2.540597424016817
47,2.7775232431321055
48,-0.09872306444930136
49,0.18476925255709598
50,-1.0790808339709734
51,-0.7821921653508627
52,1.072406518052589
53,-0.77505299163374
54,-0.17029785735685687
55,0.24210928272953577
56,-0.36712853785263516
57,0.4386065402769869
58,0.5522667186622777
59,0.3307256929960333
60,1.5093239495404522
61,-0.07486480014678266
62,0.053216408214106656
63,-0.00010890533222428084
64,0.29749453914609664
65,-0.1345104609030787
66,-0.4274369281728905
67,1.4759223795169258
68,1.1867602161703998
69,-0.19836640359511404
70,0.05933793655488444
71,0.7270379722434254
72,-0.3826364096492719
73,-0.9368742625551704
74,-0.25512724154358923
75,0.2577474727765644
76,0.3927571801825816
77,2.3157332829655797
78,-0.08889907326591125
79,-0.2009727686029521
80,1.14355207681977
81,0.1897450402993326
82,1.281875163189774
83,-0.9920045484818332
84,0.12395406904087225
85,-0.9368742625551704
86,1.8039735136765567
87,-0.3318833746784599
88,-0.1583687252055976
89,0.09810761604647719
90,-1.6409894354335406
91,0.3307256929960334
92,-0.4500154388346609
93,0.053216408214106656
94,-0.4500154388346609
95,1.0396569751280147
96,0.3927571801825816
97,0.02056825706329165
98,0.3927571801825816
99,-0.4587659621054906
100,-0.5803617750563949
101,-0.24823485407841753
102,-0.09370027196456034
103,0.3750338981292824
104,1.590740276472796
105,-0.09872306444930122
106,0.3307256929960333
107,-0.09370027196456034
108,-0.6355340112559686
109,-0.4136521532425464
110,-0.09872306444930136
111,-1.0029512815147537
112,0.5439589301997934
113,0.15626213528386637
114,-1.3751402046340462
115,-0.0032900072392268143
116,0.5844908678500945
117,-0.020786067727740505
118,0.3750338981292824
119,-0.045894050636581585
120,-0.8478725635483831
121,-0.15473811976825785
122,-1.82627829326349
123,-0.44466789683582
124,2.1296388214059334
125,-0.3283588583610425
126,-1.204553614871037
127,1.002733470850307
128,-1.1057929576398207
129,-0.2418726502644127
130,0.08949213171501194
131,-0.005278195931103393
132,0.16652469750222898
133,-0.5997466148021907
134,-0.020786067727740505
135,-1.758755980656123
136,0.11925471395098243
137,1.1061192828278872
138,-0.6160706903775984
139,1.0638250870188768
140,0.8683319152794522
141,0.1897450402993326
142,0.4401930233252362
143,1.0957807016301297
144,-0.7935950122601545
145,0.14980052203526742
146,0.7270379722434254
147,0.9510405648615169
148,0.48580441096240407
149,-0.6342085521280509
150,-2.1893034739574926
151,-0.47568364042909467
152,-0.36712853785263516
153,0.2066627186229366
154,-0.6355340112559686
155,1.14355207681977
156,1.1867602161703998
157,0.4082650519792188
158,-0.44466789683582053
159,-0.14484904210083702
160,-0.09221626509406883
161,0.2577474727765644
162,-1.1384411087906368
163,1.1867602161703998
164,0.3307256929960334
165,0.4153140846140539
166,-0.34923483962574625
167,-0.9099040507349306
168,0.3307256929960333
169,-0.36712853785263516
170,0.08586455936492156
171,-0.062140392518772604
172,0.3971880006959071
173,1.590740276472796
174,0.3750338981292824
175,0.24210928272953577
176,0.8078909790464059
177,0.5454500717187006
178,-0.3318833746784599
179,-0.4225137942691962
180,0.3750338981292824
181,0.02056825706329175
182,-1.4526795636172318
183,-0.15473811976825785
184,-0.44466789683582053
185,0.4153140846140539
186,-0.7274585001862607
187,1.072406518052589
188,-1.758755980656123
189,-0.3318833746784599
190,1.0396569751280147
191,1.072406518052589
192,-0.31543563186384455
193,-0.1583687252055976
194,-1.758755980656123
195,-0.6342085521280509
196,0.9510405648615159
197,-1.82627829326349
198,0.06192258185432408
199,0.3927571801825816
200,0.47879034624703154
201,-0.1600842938747378
202,0.47879034624703154
203,-1.2163459894564912
204,-2.44531965772585
205,0.47879034624703154
206,0.48462481227862697
207,-1.2593897532002252
208,0.48462481227862697
209,0.47879034624703154
210,-2.445319657725849
211,0.47879034624703154
212,0.4798774002289302
213,0.48462481227862697
214,0.47879034624703154
215,-1.2593897532002252
216,0.47879034624703154
217,0.47879034624703154
218,0.47879034624703154
219,-2.584840822964158
220,-1.1978184563667977
221,0.4798774002289302
222,0.48462481227862697
223,-3.701010144870621
224,0.4798774002289302
225,0.4798774002289302
226,0.48462481227862697
227,0.48462481227862697
228,0.47879034624703154
229,0.47879034624703154
230,-2.4822517308771666
231,-1.2593897532002252
232,0.4798774002289302
233,-0.1846723716906483
234,0.47879034624703154
235,0.47879034624703154
236,0.07637375051609936
237,0.47879034624703154
238,0.47879034624703154
239,0.47879034624703154
240,0.47879034624703154
241,0.47879034624703154
242,0.47879034624703154
243,0.47879034624703154
244,0.47879034624703154
245,0.47879034624703154
246,0.47879034624703154
247,0.47879034624703154
248,0.47879034624703154
249,-0.7765501280559791
250,0.47879034624703154
251,0.47879034624703154
252,-0.1600842938747378
253,0.47879034624703154
254,0.48462481227862697
255,0.47879034624703154
256,0.47879034624703154
257,0.07637375051609936
258,-1.232325446899817
259,0.47879034624703154
260,0.4798774002289302
261,0.47879034624703154
262,0.47879034624703154
263,0.47879034624703154
264,-0.4487353863399402
265,0.47879034624703154
266,-0.1600842938747378
267,-0.152319637722345
268,-0.1600842938747378
269,0.47879034624703154
270,0.07637375051609936
271,0.48462481227862697
272,0.47635280643445854
273,0.47879034624703154
274,0.47879034624703154
275,0.47879034624703154
276,0.47879034624703154
277,0.48462481227862697
278,0.47879034624703154
279,0.47879034624703154
280,0.47879034624703154
281,0.47635280643445854
282,0.47879034624703154
283,-0.152319637722345
284,0.47879034624703154
285,0.47879034624703154
286,-2.8220268038692806
287,-1.232325446899817
288,-0.7910839290090347
289,0.47879034624703154
290,0.47879034624703154
291,0.48462481227862697
292,0.47879034624703154
293,0.48462481227862697
294,0.47879034624703154
295,0.47879034624703154
296,0.06736120319635772
297,0.47879034624703154
298,0.47879034624703154
299,0.47879034624703154
300,0.48462481227862697
301,0.47879034624703154
302,0.47879034624703154
303,-1.8195290736695917
304,0.47879034624703154
305,-0.8111021831519223
306,-1.2163459894564912
307,0.48462481227862697
308,0.47879034624703154
309,0.47879034624703154
310,-1.6991847305818497
311,0.47879034624703154
312,0.47879034624703154
313,-1.8195290736695917
314,0.47635280643445854
315,0.47879034624703154
316,0.48462481227862697
317,-1.6991847305818497
318,0.48462481227862697
319,0.47879034624703154
320,0.48462481227862697
321,0.47879034624703154
322,0.47879034624703154
323,0.47879034624703154
324,0.47879034624703154
325,-2.44531965772585
326,0.47879034624703154
327,0.47879034624703154
328,-3.701010144870621
329,0.4798774002289302
330,0.48462481227862697
331,-0.7765501280559791
332,0.4798774002289302
333,0.2979942804242391
334,0.47879034624703154
335,0.48462481227862697
336,-0.1600842938747378
337,0.07637375051609936
338,-2.511408630733469
339,0.47879034624703154
340,0.47879034624703154
341,0.47879034624703154
342,0.47879034624703154
343,0.47879034624703154
344,-0.4487353863399402
345,0.47879034624703154
346,-3.701010144870621
347,0.47879034624703154
348,0.47879034624703154
349,0.47635280643445854
350,-0.4487353863399402
351,0.47879034624703154
352,0.47879034624703154
353,0.47879034624703154
354,0.47879034624703154
355,0.47879034624703154
356,0.48462481227862697
357,0.47879034624703154
358,0.47879034624703154
359,0.47879034624703154
360,0.47879034624703154
361,0.47879034624703154
362,0.48462481227862697
363,0.47879034624703154
364,0.47879034624703154
365,0.47879034624703154
366,0.2979942804242391
367,0.47879034624703154
368,0.47879034624703154
369,0.47879034624703154
370,0.48462481227862697
371,0.47879034624703154
372,-0.4487353863399402
373,0.2979942804242391
374,0.48462481227862697
375,0.48462481227862697
376,0.47879034624703154
377,0.47879034624703154
378,-0.7910839290090347
379,0.48462481227862697
380,-0.4487353863399402
381,-3.701010144870621
382,0.4798774002289302
383,0.47879034624703154
384,0.48462481227862697
385,0.47879034624703154
386,0.47879034624703154
387,0.48462481227862697
388,-1.2163459894564912
389,-0.8111021831519223
390,0.47879034624703154
391,0.47879034624703154
392,-2.44531965772585
393,0.48462481227862697
394,-1.2163459894564912
395,0.47879034624703154
396,0.47879034624703154
397,0.48462481227862697
398,0.47879034624703154
399,0.48462481227862697
400,-0.8556587114156615
401,0.92859633195504
402,-0.559290924550698
403,-0.240745956355702
404,-0.482678843592408
405,-0.19437548630200052
406,-0.855658711415662
407,-0.8657392483838575
408,-0.892889494618199
409,-0.341551326037663
410,-0.422195621783231
411,1.17052921919175
412,0.740695122867865
413,-0.716547301254556
414,-0.8709004833115739
415,-0.422195621783231
416,-0.11977951273735
417,1.61407284579237
418,0.914886801678293
419,0.740695122867865
420,-0.821384885723795
421,0.740695122867865
422,-0.864126362468946
423,-0.402034547846839
424,0.525374853227198
425,1.21085136706453
426,-0.895040009171414
427,-0.0794573648645655
428,1.33181781068288
429,-0.9115452083673403
430,-0.716547301254556
431,0.863274452401129
432,-0.821384885723795
433,-0.716547301254556
434,-0.724611730829113
435,-0.60364528721076
436,-0.442356695719623
437,-0.9115452083673403
438,0.0415090787537871
439,-0.200423808482918
440,-0.908480725129009
441,0.8548068013478445
442,-0.712515086467278
443,-0.0794573648645655
444,2.38019365537527
445,-0.716547301254556
446,1.3318178106828826
447,0.0374768639665085
448,-0.8657392483838575
449,-0.422195621783231
450,-0.8556587114156615
451,0.92859633195504
452,-0.559290924550698
453,-0.240745956355702
454,-0.482678843592408
455,-0.19437548630200052
456,-0.855658711415662
457,-0.8657392483838575
458,-0.892889494618199
459,-0.341551326037663
460,-0.422195621783231
461,1.17052921919175
462,0.740695122867865
463,-0.716547301254556
464,-0.8709004833115739
465,-0.422195621783231
466,-0.11977951273735
467,1.61407284579237
468,0.914886801678293
469,0.740695122867865
470,-0.821384885723795
471,0.740695122867865
472,-0.864126362468946
473,-0.402034547846839
474,0.525374853227198
475,1.21085136706453
476,-0.895040009171414
477,-0.0794573648645655
478,1.33181781068288
479,-0.9115452083673403
480,-0.716547301254556
481,0.863274452401129
482,-0.821384885723795
483,-0.716547301254556
484,-0.724611730829113
485,-0.60364528721076
486,-0.442356695719623
487,-0.9115452083673403
488,0.0415090787537871
489,-0.200423808482918
490,-0.908480725129009
491,0.8548068013478445
492,-0.712515086467278
493,-0.0794573648645655
494,2.38019365537527
495,-0.716547301254556
496,1.3318178106828826
497,0.0374768639665085
498,-0.8657392483838575
499,-0.422195621783231
500,-0.8556587114156615
501,0.92859633195504
502,-0.559290924550698
503,-0.240745956355702
504,-0.482678843592408
505,-0.19437548630200052
506,-0.855658711415662
507,-0.8657392483838575
508,-0.892889494618199
509,-0.341551326037663
510,-0.422195621783231
511,1.17052921919175
512,0.740695122867865
513,-0.716547301254556
514,-0.8709004833115739
515,-0.422195621783231
516,-0.11977951273735
517,1.61407284579237
518,0.914886801678293
519,0.740695122867865
520,-0.821384885723795
521,0.740695122867865
522,-0.864126362468946
523,-0.402034547846839
524,0.525374853227198
525,1.21085136706453
526,-0.895040009171414
527,-0.0794573648645655
528,1.33181781068288
529,-0.9115452083673403
530,-0.716547301254556
531,0.863274452401129
532,-0.821384885723795
533,-0.716547301254556
534,-0.724611730829113
535,-0.60364528721076
536,-0.442356695719623
537,-0.9115452083673403
538,0.0415090787537871
539,-0.200423808482918
540,-0.908480725129009
541,0.8548068013478445
542,-0.712515086467278
543,-0.0794573648645655
544,2.38019365537527
545,-0.716547301254556
546,1.3318178106828826
547,0.0374768639665085
548,-0.8657392483838575
549,-0.422195621783231
550,-0.8556587114156615
551,0.92859633195504
552,-0.559290924550698
553,-0.240745956355702
554,-0.482678843592408
555,-0.19437548630200052
556,-0.855658711415662
557,-0.8657392483838575
558,-0.892889494618199
559,-0.341551326037663
560,-0.422195621783231
561,1.17052921919175
562,0.740695122867865
563,-0.716547301254556
564,-0.8709004833115739
565,-0.422195621783231
566,-0.11977951273735
567,1.61407284579237
568,0.914886801678293
569,0.740695122867865
570,-0.821384885723795
571,0.740695122867865
572,-0.864126362468946
573,-0.402034547846839
574,0.525374853227198
575,1.21085136706453
576,-0.895040009171414
577,-0.0794573648645655
578,1.33181781068288
579,-0.9115452083673403
580,-0.716547301254556
581,0.863274452401129
582,-0.821384885723795
583,-0.716547301254556
584,-0.724611730829113
585,-0.60364528721076
586,-0.442356695719623
587,-0.9115452083673403
588,0.0415090787537871
589,-0.200423808482918
590,-0.908480725129009
591,0.8548068013478445
592,-0.712515086467278
593,-0.0794573648645655
594,2.38019365537527
595,-0.716547301254556
596,1.3318178106828826
597,0.0374768639665085
598,-0.8657392483838575
599,-0.422195621783231
600,-0.8487792148779979
601,-0.15111861462349938
602,-0.028186131810148764
603,0.6765826440142465
604,-0.2898906769700617
605,-1.042075454504307
606,1.1183039670304344
607,-0.2898906769700617
608,-0.09310523315277992
609,0.11368144530493142
610,-0.6799681263786757
611,-0.6504706569779493
612,-1.0280790653089207
613,-0.6483533806436451
614,-1.1632917805167104
615,-0.8553938990648418
616,1.0090490386716326
617,-0.504294995497457
618,-0.26188694789062417
619,0.9261960262440159
620,1.2223653780730166
621,0.019706582470431538
622,0.16616242743651957
623,-1.0814716469471635
624,-0.7005799984217664
625,-0.08190275805669389
626,0.35632425767291454
627,-0.062231485861158654
628,0.706574718554409
629,-0.9818967319023386
630,0.33936048367144267
631,-0.7289022099545198
632,1.2223653780730166
633,-0.6377146150435794
634,0.03394937141514736
635,1.5514296772411467
636,-0.13039631487505446
637,-0.8179848316184747
638,-1.0456029018751578
639,0.18125143687508916
640,1.8823567107925228
641,-0.7780371797910248
642,-1.0280790653089207
643,0.7810187652406461
644,-0.07062794262438571
645,1.0694153755034044
646,-0.8177518951697411
647,-0.7780371797910248
648,1.6059207044208013
649,-0.6799681263786757
650,-0.3143941859429741
651,0.14231216598479998
652,0.706574718554409
653,-1.1717153713713522
654,0.19456511149693706
655,-1.1846256683126841
656,-0.12091873007294396
657,-0.6483533806436451
658,-0.4778961560962416
659,1.9888467936660303
660,-0.8553938990648418
661,-0.8329474464626803
662,0.04119111427377976
663,-0.6423083437552753
664,-0.08178011649233868
665,2.40166106549702
666,2.40166106549702
667,-0.4176416824063382
668,-0.8553938990648418
669,1.8823567107925228
670,-1.0456029018751578
671,-0.6504706569779493
672,0.5492860509335729
673,-0.8256820506705315
674,0.17841632564287757
675,0.46583600844583073
676,0.6763259708972081
677,1.173521698826234
678,0.14231216598479998
679,-0.13039631487505446
680,0.04119111427377976
681,0.7715738801375636
682,0.06975925039712622
683,-0.009075789081594338
684,-0.9134299956735693
685,-0.21399856456481858
686,1.5423677166251226
687,-0.04750118483814984
688,0.4314407394147123
689,0.6097260954777171
690,-0.8487493634885338
691,1.5423677166251226
692,0.48623323049074435
693,-0.04750118483814984
694,-0.04750118483814984
695,-0.028186131810148764
696,-0.8177518951697411
697,-0.8553938990648418
698,1.4591871545474449
699,0.019706582470431538
700,-0.9818967319023386
701,-0.2570150875037546
702,-0.04750118483814984
703,-0.4329421534271787
704,-0.272728476978729
705,-0.8256820506705315
706,-1.1419150752045182
707,-0.7005799984217664
708,-0.04750118483814984
709,1.8823567107925228
710,-0.3143941859429741
711,-0.4329421534271787
712,-1.0814716469471635
713,0.17841632564287757
714,-0.4176416824063382
715,-0.20254719480558261
716,-1.1315187173484902
717,0.706574718554409
718,1.0305012623472976
719,-0.13039631487505446
720,-0.030387516138396582
721,1.9495924100111461
722,1.0990660474319554
723,-0.5524571182868481
724,-1.1315187173484902
725,0.5712566421084454
726,1.0305012623472976
727,0.48947858775290887
728,-0.5904439256381983
729,0.35632425767291454
730,0.06975925039712622
731,-0.51483121550677
732,-0.26738151085216677
733,-0.22414100778608848
734,-0.7688067466668516
735,1.8823567107925228
736,1.799023540840834
737,1.1591619639838444
738,-0.8798411979482011
739,0.8731924720671027
740,-0.7688067466668516
741,-0.6339955875841788
742,0.9257002077734077
743,2.40166106549702
744,-0.9770156002426845
745,0.06975925039712622
746,-0.8177518951697411
747,0.45085741692824144
748,-0.9352499279926803
749,-0.028186131810148764
750,1.538309252672054
751,1.1183039670304344
752,1.4739371985197343
753,2.1986533655369427
754,-0.04750118483814984
755,1.1865993779775388
756,-0.20254719480558261
757,-0.1572812517302831
758,0.43724373739401223
759,-0.3396268462700975
760,-1.1315187173484902
761,0.5574494542417728
762,0.18125143687508916
763,0.35632425767291454
764,0.0440913519766859
765,-0.5018238820123833
766,-0.062231485861158654
767,-0.16732082488472205
768,0.8301346263547378
769,-0.9770156002426845
770,2.40166106549702
771,0.5975034101400722
772,-0.6664593190375573
773,-0.41692154927350644
774,-0.009075789081594338
775,1.0990660474319554
776,-0.6377146150435794
777,1.9425865281514065
778,-0.9352499279926803
779,-0.760614740148548
780,2.4650258400681095
781,-0.8559867067455239
782,-0.8553938990648418
783,-0.08178011649233868
784,-0.773519290705506
785,-0.6799681263786757
786,0.08612624896084208
787,0.26136413256749685
788,-0.7688067466668516
789,1.1183039670304344
790,-0.8802166021580725
791,1.9888467936660303
792,1.0305012623472976
793,-0.6061207786385816
794,0.33060034984282266
795,-0.43782910175187134
796,0.29273709208539517
797,-0.8177518951697411
798,-0.26738151085216677
799,2.54034939603007
800,0.5994557751708676
801,-0.15692891941923182
802,0.28116573864016564
803,0.7427215787534233
804,0.33300369108851763
805,-0.895831249317583
806,-0.08435025859529513
807,0.5515828834975507
808,0.5196406669249829
809,-0.35052641154768666
810,0.20004059518294998
811,0.36510503181060994
812,0.32345459458487386
813,0.4428223712540373
814,-4.5597262803720735
815,0.48058220969827325
816,0.4268393708543607
817,0.5553027365667612
818,-0.45944083416541914
819,-0.2734158341564692
820,0.1962717005725748
821,0.4538963072452417
822,0.6280569337808152
823,0.47524502920766704
824,0.16859975011101488
825,0.6300232634352491
826,-4.5597262803720735
827,0.20854252023426195
828,0.5553027365667612
829,0.2215304657203334
830,0.2673645446442544
831,0.36510503181060994
832,0.5489951596233176
833,-0.08420417740884655
834,0.20004059518294998
835,0.26061616669772436
836,0.757223456535417
837,0.7031999777651321
838,0.5380254605912412
839,0.45001472143389176
840,-0.1133860426547075
841,-0.25990926957453314
842,0.6139470288665745
843,0.6868758382264899
844,0.6706627976411508
845,0.36196022849122905
846,-0.45944083416541914
847,0.6713277189036068
848,0.2610520667086246
849,0.2610520667086246
850,0.329297402700906
851,0.32321625159645756
852,0.20854252023426195
853,0.15296849914098365
854,0.757223456535417
855,0.3156687236299436
856,0.4538963072452417
857,0.5409334044766673
858,-0.25990926957453314
859,0.2904815445874057
860,-4.562600502246668
861,0.04025699344540921
862,0.43642917109416673
863,0.7449526368737299
864,0.3639729026156327
865,-0.023668133744523083
866,-1.406410774988542
867,-0.04359360757611986
868,-0.2559307277007119
869,-0.25990926957453314
870,0.5786778746512882
871,0.32321625159645756
872,0.3377551738898475
873,0.5264334420948453
874,0.5671900931140206
875,0.1807011646993415
876,-0.3522294434991051
877,0.5604408613747339
878,0.2610520667086246
879,-4.5597262803720735
880,0.5419169737320318
881,0.36510503181060994
882,0.31196800023991095
883,-0.2945610858949124
884,0.6417219317833457
885,0.18210766873451292
886,0.36510503181060994
887,-0.484094785258115
888,-0.895831249317583
889,-0.3226086736930544
890,-0.056532226947286594
891,0.17869187322052496
892,0.4268393708543607
893,-0.2945610858949124
894,-0.3522294434991051
895,0.4322490017588667
896,-4.562600502246668
897,0.43099495095827667
898,0.18004545186243165
899,0.23210249398470137
900,0.757223456535417
901,0.20698432091214286
902,-0.08435025859529513
903,-0.433046050648239
904,0.4349604629493316
905,0.31196800023991095
906,0.14943442016747416
907,-0.3522294434991051
908,0.16652957101162824
909,-0.11193304261837324
910,0.17869187322052496
911,0.4422515498111916
912,0.02259240689946384
913,0.5380254605912412
914,0.6282251758902856
915,0.4349604629493316
916,-4.559563487782344
917,0.757223456535417
918,0.15296849914098365
919,0.704846711139644
920,-0.11193304261837324
921,-0.1613350438537373
922,0.3533175690158486
923,0.18004545186243165
924,0.4428223712540373
925,0.31487424700188954
926,-0.14425606628379722
927,-0.08420417740884655
928,0.4294172741446311
929,-0.9965948054812784
930,0.42819550422160607
931,0.5380254605912412
932,0.5553027365667612
933,0.757223456535417
934,0.45001472143389176
935,0.4418633912300567
936,0.7007966371644929
937,0.1973234851150051
938,0.15770626735012933
939,0.20233968831736515
940,0.07124957796235613
941,0.4322490017588667
942,0.757223456535417
943,0.5048600913238931
944,-0.45944083416541914
945,0.5604408613747339
946,0.32345459458487386
947,-0.2734158341564692
948,-0.0938757594082058
949,0.3068439216998657
950,0.2174136322840531
951,0.5671900931140206
952,0.5722846744914175
953,-0.08435025859529513
954,0.2752139737294288
955,0.4299598614085833
956,-0.08435025859529513
957,-0.14425606628379722
958,0.6331854173936333
959,0.18004545186243165
960,0.6139470288665745
961,0.1414286494315646
962,-0.9275600830142313
963,-0.1613350438537373
964,-0.0938757594082058
965,-4.559563487782344
966,-0.04963162994933101
967,0.32294986825646294
968,0.6331854173936333
969,0.20854252023426195
970,0.6439175762826953
971,0.7383302897547241
972,0.36510503181060994
973,0.17698898396135213
974,0.16332477452123145
975,0.5722846744914175
976,0.08902724097833926
977,0.5274890760739457
978,0.4349604629493316
979,-0.04963162994933101
980,-0.15745345804238725
981,0.43177126812054656
982,-4.559563487782344
983,-0.35952424880972667
984,-0.14425606628379722
985,-0.0938757594082058
986,0.5380254605912412
987,-0.35952424880972667
988,0.16846590232441658
989,-0.04963162994933101
990,0.32321625159645756
991,0.4538963072452417
992,0.7449526368737299
993,0.04324736126212284
994,0.4325475852828166
995,0.490771372453067
996,0.5380254605912412
997,-0.35052641154768666
998,0.4349604629493316
999,0.5671900931140206
1000,0.1663822258584626
1001,0.3217679158501145
1002,0.12363248851405272
1003,-0.05285376576219236
1004,-0.7780535396860739
1005,0.8509272706472603
1006,0.4716365776300913
1007,1.2228153991321924
1008,-0.434117018927874
1009,0.9906995915102187
1010,0.22958409275628933
1011,-0.0567445886463565
1012,0.8046358568375855
1013,-1.0276682627339104
1014,-0.13695651510287749
1015,-0.05454981932904174
1016,-0.48873185045304374
1017,0.32650682537736153
1018,0.7458536459635374
1019,-0.17672043917767682
1020,-0.05285376576219236
1021,-0.05285376576219236
1022,-0.449423976587538
1023,-0.24530255553924998
1024,-0.8525788036420666
1025,0.6666593306962465
1026,1.2228153991321924
1027,2.2185207989441533
1028,0.8509272706472603
1029,-1.2204163807296848
1030,-0.6957465102424355
1031,1.728869007835538
1032,0.9565795366941723
1033,-0.434117018927874
1034,0.7121527005367401
1035,0.9443653858839974
1036,-1.58166941541503
1037,0.22958409275628933
1038,1.2191639320732766
1039,0.9966656240218956
1040,-0.17672043917767682
1041,-1.3668730100912099
1042,-0.434117018927874
1043,-0.5996717056363545
1044,1.2021039814851469
1045,1.2191639320732766
1046,-0.1345621647075848
1047,0.4218333752822805
1048,0.8046358568375855
1049,-0.23552543819587068
1050,-1.0983026489343901
1051,-0.4900287897516639
1052,0.374095253310228
1053,-1.263814632618145
1054,0.9565795366941723
1055,0.8046358568375855
1056,0.9565795366941723
1057,-0.4357650866867678
1058,0.6666593306962465
1059,-0.05285376576219236
1060,0.170123439504623
1061,-0.17672043917767682
1062,-0.5963794484024723
1063,-1.4622493981495301
1064,0.5842326298247816
1065,-0.09062512801140099
1066,-0.05285376576219236
1067,-1.263814632618145
1068,-0.6194254166466905
1069,0.1760096890690945
1070,0.37933303322539
1071,-0.652348228424145
1072,0.2651008230374225
1073,-1.4301247151424434
1074,0.8509272706472603
1075,0.1760096890690945
1076,0.15725361308252664
1077,-0.841804045288953
1078,0.374095253310228
1079,0.0085023335763797
1080,-0.19657680608054856
1081,-0.5963794484024723
1082,1.2228153991321924
1083,0.6666593306962465
1084,0.06117889227996515
1085,-0.377293100937955
1086,-0.4982096395777085
1087,-1.3668730100912099
1088,-0.08712343979285342
1089,-0.6957465102424355
1090,0.8046358568375855
1091,-1.58166941541503
1092,0.9966656240218956
1093,-1.0185895379944265
1094,-1.2204163807296848
1095,0.5842326298247816
1096,-0.7451306680489618
1097,1.728869007835538
1098,-1.4301247151424434
1099,1.2389176291163593
1100,-0.05285376576219236
1101,-0.973195994109886
1102,-1.0185895379944265
1103,0.22788799928300185
1104,0.9750363343450733
1105,0.32650682537736153
1106,-1.9749473670111701
1107,0.6622696324358622
1108,-1.0185895379944265
1109,1.2389176291163593
1110,1.1370065916805192
1111,-0.33976109551165684
1112,-0.09062512801140099
1113,-0.5963794484024723
1114,-1.0185895379944265
1115,-1.4622493981495301
1116,-1.37545289437261
1117,-1.263814632618145
1118,-1.7935726039462798
1119,-0.05454981932904174
1120,0.32037122542011376
1121,0.30420922257467353
1122,0.26210777031229576
1123,-1.4301247151424434
1124,-0.7858352353374509
1125,-1.683131535347365
1126,2.3788252178726763
1127,-1.0276682627339104
1128,0.5842326298247816
1129,2.1830541412667523
1130,0.9906995915102187
1131,0.5842326298247816
1132,-0.434117018927874
1133,0.6821231354816782
1134,-0.434117018927874
1135,0.6666593306962465
1136,-0.011011843027395399
1137,0.2651008230374225
1138,1.1370065916805192
1139,-0.19657680608054856
1140,-0.06799824920321215
1141,-1.1644476306378402
1142,-1.1644476306378402
1143,-0.05285376576219236
1144,-0.5821129066088514
1145,-0.4682797882417419
1146,0.15725361308252664
1147,1.2389176291163593
1148,-0.259668903335605
1149,-0.57213628700271
1150,-0.17672043917767682
1151,-0.06799824920321215
1152,-0.434117018927874
1153,-0.17672043917767682
1154,-0.33976109551165684
1155,-0.39614889313777
1156,0.32037122542011376
1157,0.22788799928300185
1158,0.9443653858839974
1159,0.24779142029509924
1160,0.6821231354816782
1161,-0.5547769729451786
1162,0.4218333752822805
1163,-0.8602108601256103
1164,0.5842326298247816
1165,1.2389176291163593
1166,1.2021039814851469
1167,-0.048962957842942634
1168,0.9966656240218956
1169,-0.9995342834382871
1170,0.2651008230374225
1171,0.322166910399029
1172,-0.449423976587538
1173,0.08726059176007538
1174,1.2191639320732766
1175,0.15725361308252664
1176,0.15725361308252664
1177,-0.8666458032664871
1178,-1.1278733378342138
1179,-0.2464996888351361
1180,-1.2585270295144966
1181,-0.144738210754255
1182,-0.8525788036420666
1183,0.1663822258584626
1184,-1.9749473670111701
1185,-1.1278733378342138
1186,0.26949048139136833
1187,0.3492748224736219
1188,-0.8666458032664871
1189,-0.19690174653655057
1190,-1.683131535347365
1191,-0.4357650866867678
1192,-1.07615460548665
1193,-0.7572522786786715
1194,1.2228153991321924
1195,0.3492748224736219
1196,1.9387198923223716
1197,-0.2464996888351361
1198,-1.58166941541503
1199,0.6666593306962465
1200,-0.8705564423955005
1201,0.7984847849655442
1202,-0.3293030330945032
1203,-0.8784528235790492
1204,-0.580063274194964
1205,1.21984499541788
1206,-0.8128049684906176
1207,-0.8083672727082787
1208,2.6169020441882003
1209,-0.830169843627482
1210,0.309366424634549
1211,-0.8756651798094846
1212,-0.6631588477054173
1213,0.9133915641704585
1214,-0.17538567576771652
1215,0.8731072838968634
1216,-0.00983693776408732
1217,0.5983740236519806
1218,1.1269468708094
1219,-0.4393853872753932
1220,0.5071344194428942
1221,-0.6105023752735033
1222,-0.8083672727082787
1223,0.08783237487609215
1224,0.08783237487609215
1225,-0.6189968377662031
1226,0.8731072838968634
1227,-0.043990670818530475
1228,1.4023672288537452
1229,0.5983740236519806
1230,-0.7983303202741368
1231,-0.4456327375173566
1232,0.5974603080871977
1233,-0.6301403992485102
1234,-0.7623390614847985
1235,-0.24118514619363118
1236,1.272559966459994
1237,1.38448930496917
1238,-0.8998229030670514
1239,-0.7623390614847985
1240,3.62450908850096
1241,0.20073117265065651
1242,2.0070744935294016
1243,-0.6599569270943894
1244,1.57796500537988
1245,0.1943087659912795
1246,-0.8784528235790492
1247,0.08783237487609215
1248,-0.3293030330945032
1249,-0.5448682922414276
1250,-0.8966826572601434
1251,-0.6599569270943894
1252,-0.745402435374951
1253,-0.5801994038436533
1254,1.233701634551935
1255,-0.652958474567705
1256,-0.8149534744294136
1257,-0.8447130827914096
1258,-0.8843606373893075
1259,-0.7047750902701831
1260,-0.44467457636639135
1261,-0.835819326623699
1262,0.5974603080871977
1263,-0.4393853872753932
1264,-0.3293030330945032
1265,-0.7710882424515084
1266,-0.6189968377662031
1267,-0.745402435374951
1268,2.509324395824515
1269,-0.7650912648075486
1270,-0.747429487127056
1271,1.28883396123949
1272,-0.8329082573104984
1273,1.3564247938981522
1274,-0.830169843627482
1275,0.6828392476798688
1276,2.9432778647791
1277,-0.7220256974303896
1278,2.8796605364135437
1279,2.9432778647791
1280,-0.3293030330945032
1281,-0.7247829901744728
1282,-0.47642699428178975
1283,-0.5448682922414276
1284,-0.8568506586971432
1285,2.0070744935294016
1286,-0.18933400260264172
1287,1.38448930496917
1288,1.38448930496917
1289,-0.479607857408583
1290,1.57796500537988
1291,-0.8329082573104984
1292,2.157502592284595
1293,0.48195078068873803
1294,-0.5658053703442404
1295,0.21387391879213183
1296,-0.6767192276017365
1297,0.1943087659912795
1298,-0.830169843627482
1299,0.3175366018430523
1300,1.28883396123949
1301,-0.8784528235790492
1302,1.4023672288537452
1303,0.5974603080871977
1304,-0.9239028614005035
1305,-0.8128049684906176
1306,2.37606414161378
1307,-0.31841145492423223
1308,1.38448930496917
1309,-0.47642699428178975
1310,1.563545978998665
1311,-0.546662422360856
1312,0.5983740236519806
1313,-0.304163633241343
1314,-0.4393853872753932
1315,-0.8213138626405816
1316,-0.179168190160368
1317,0.20073117265065651
1318,0.5125346033506926
1319,-0.44467457636639135
1320,-0.8213138626405816
1321,-0.8248630082173101
1322,0.37535660173137475
1323,-0.9239028614005035
1324,-0.7898820788588666
1325,2.0070744935294016
1326,0.3634303780724395
1327,-0.2829093127588855
1328,-0.8128049684906176
1329,-0.6899418247800975
1330,1.0089147448140598
1331,-0.18273482363719684
1332,-0.7104394032792569
1333,0.6828392476798688
1334,2.7715532463266523
1335,-0.6763846859708196
1336,-0.8998229030670514
1337,2.7715532463266523
1338,-0.8248630082173101
1339,-0.304163633241343
1340,-0.8128049684906176
1341,-0.823670519831025
1342,0.1943087659912795
1343,0.3175366018430523
1344,-0.8486615179512763
1345,-0.835819326623699
1346,0.3175366018430523
1347,-0.7989029077239233
1348,-0.8568506586971432
1349,-0.844085817165992
1350,1.772112352216984
1351,-0.11630353109210576
1352,-0.2444906669584485
1353,2.8796605364135437
1354,-0.4393853872753932
1355,0.1943087659912795
1356,-0.8329082573104984
1357,-0.6234646292187886
1358,0.48195078068873803
1359,-0.11630353109210576
1360,-0.8248630082173101
1361,-0.31841145492423223
1362,-0.565684228308463
1363,-0.456685642055053
1364,-0.48652537456621203
1365,-0.745402435374951
1366,-0.5448682922414276
1367,-0.0922114704725804
1368,-0.8705564423955005
1369,-0.7983303202741368
1370,-0.7428062956968791
1371,-0.050800280702886946
1372,-0.6189968377662031
1373,-0.580063274194964
1374,-0.6105023752735033
1375,-0.830169843627482
1376,1.0914603423404938
1377,-0.8447130827914096
1378,0.37535660173137475
1379,0.01162570023442196
1380,-0.8486615179512763
1381,-0.523101324033316
1382,-0.604929800646067
1383,-0.043990670818530475
1384,0.049190707886693316
1385,-0.7247829901744728
1386,-0.8568506586971432
1387,-0.8329082573104984
1388,2.8796605364135437
1389,2.9432778647791
1390,-0.304163633241343
1391,0.1943087659912795
1392,-0.5832437660854698
1393,-0.259895887239537
1394,-0.503797563450866
1395,-0.8784528235790492
1396,0.02497402586245302
1397,-0.6389876690338325
1398,-0.18933400260264172
1399,-0.4393853872753932
1400,-0.201824316752801
1401,-0.1948074143326141
1402,-0.1928895482793355
1403,-0.08761637512274559
1404,-0.0426872536561761
1405,0.0166945921982408
1406,-0.182920572173044
1407,-0.102854573662106
1408,-0.1739138019023563
1409,0.03559833677799743
1410,-0.19923225205280648
1411,-0.2006932339746216
1412,-0.20182431675280102
1413,3.14241043073086
1414,-0.00427756764716855
1415,-0.201824316752801
1416,-0.1948074143326141
1417,-0.201824316752801
1418,-0.201824316752801
1419,-0.1880785191013155
1420,-0.19768748622149665
1421,0.03559833677799743
1422,-0.19206026883860303
1423,-0.0943714528257611
1424,-0.0426872536561761
1425,0.19688236255542602
1426,-0.1928895482793355
1427,-0.1980540408255365
1428,-0.19598038906554088
1429,-0.181794725889208
1430,-0.17469927605387
1431,-0.19192734244373152
1432,-0.1928895482793355
1433,-0.06193137036825565
1434,0.248409466894708
1435,-0.201824316752801
1436,-0.0448865812804138
1437,-0.1942139449736929
1438,-0.20182431675280102
1439,-0.13951003406606735
1440,-0.20182431675280102
1441,-0.1948074143326141
1442,0.71403854391188
1443,-0.1739138019023563
1444,-0.19170740968130778
1445,0.19688236255542602
1446,0.359161322258104
1447,0.047956463428475996
1448,0.337953520167241
1449,-0.1948074143326141
1450,-0.19402194018110064
1451,-0.10741032374088424
1452,-0.17920266118921352
1453,-0.1948074143326141
1454,-0.20182431675280102
1455,-0.1580734065135015
1456,-0.1948074143326141
1457,-0.201824316752801
1458,-0.201824316752801
1459,-0.19170740968130778
1460,-0.1948074143326141
1461,-0.193419743331607
1462,-0.16687071701045247
1463,-0.19229389704777114
1464,-0.02862726634408545
1465,-0.19170740968130778
1466,-0.19192734244373152
1467,2.95483920334945
1468,-0.19598038906554088
1469,-0.19206026883860303
1470,0.6102774084969544
1471,0.0166945921982408
1472,0.0166945921982408
1473,-0.0448865812804138
1474,0.274487208724955
1475,-0.0885589441045616
1476,-0.079761633607611
1477,0.248409466894708
1478,-0.201824316752801
1479,0.390580288318642
1480,-0.149668833092308
1481,-0.19206026883860303
1482,-0.113065737631781
1483,3.14241043073086
1484,-0.19915370463765525
1485,0.8335091623570755
1486,-0.149668833092308
1487,-0.0539980814379698
1488,-0.08934441825607504
1489,-0.13951003406606735
1490,0.336068382203609
1491,-0.19598038906554088
1492,-0.201824316752801
1493,-0.19192734244373152
1494,-0.20182431675280102
1495,-0.16498557904681999
1496,-0.201824316752801
1497,-0.1948074143326141
1498,-0.16616379027409034
1499,-0.2006932339746216
1500,-0.201824316752801
1501,-0.1948074143326141
1502,-0.1928895482793355
1503,-0.08761637512274559
1504,-0.0426872536561761
1505,0.0166945921982408
1506,-0.182920572173044
1507,-0.102854573662106
1508,-0.1739138019023563
1509,0.03559833677799743
1510,-0.19923225205280648
1511,-0.2006932339746216
1512,-0.20182431675280102
1513,3.14241043073086
1514,-0.00427756764716855
1515,-0.201824316752801
1516,-0.1948074143326141
1517,-0.201824316752801
1518,-0.201824316752801
1519,-0.1880785191013155
1520,-0.19768748622149665
1521,0.03559833677799743
1522,-0.19206026883860303
1523,-0.0943714528257611
1524,-0.0426872536561761
1525,0.19688236255542602
1526,-0.1928895482793355
1527,-0.1980540408255365
1528,-0.19598038906554088
1529,-0.181794725889208
1530,-0.17469927605387
1531,-0.19192734244373152
1532,-0.1928895482793355
1533,-0.06193137036825565
1534,0.248409466894708
1535,-0.201824316752801
1536,-0.0448865812804138
1537,-0.1942139449736929
1538,-0.20182431675280102
1539,-0.13951003406606735
1540,-0.20182431675280102
1541,-0.1948074143326141
1542,0.71403854391188
1543,-0.1739138019023563
1544,-0.19170740968130778
1545,0.19688236255542602
1546,0.359161322258104
1547,0.047956463428475996
1548,0.337953520167241
1549,-0.1948074143326141
1550,-0.19402194018110064
1551,-0.10741032374088424
1552,-0.17920266118921352
1553,-0.1948074143326141
1554,-0.20182431675280102
1555,-0.1580734065135015
1556,-0.1948074143326141
1557,-0.201824316752801
1558,-0.201824316752801
1559,-0.19170740968130778
1560,-0.1948074143326141
1561,-0.193419743331607
1562,-0.16687071701045247
1563,-0.19229389704777114
1564,-0.02862726634408545
1565,-0.19170740968130778
1566,-0.19192734244373152
1567,2.95483920334945
1568,-0.19598038906554088
1569,-0.19206026883860303
1570,0.6102774084969544
1571,0.0166945921982408
1572,0.0166945921982408
1573,-0.0448865812804138
1574,0.274487208724955
1575,-0.0885589441045616
1576,-0.079761633607611
1577,0.248409466894708
1578,-0.201824316752801
1579,0.390580288318642
1580,-0.149668833092308
1581,-0.19206026883860303
1582,-0.113065737631781
1583,3.14241043073086
1584,-0.19915370463765525
1585,0.8335091623570755
1586,-0.149668833092308
1587,-0.0539980814379698
1588,-0.08934441825607504
1589,-0.13951003406606735
1590,0.336068382203609
1591,-0.19598038906554088
1592,-0.201824316752801
1593,-0.19192734244373152
1594,-0.20182431675280102
1595,-0.16498557904681999
1596,-0.201824316752801
1597,-0.1948074143326141
1598,-0.16616379027409034
1599,-0.2006932339746216
1600,-0.5363983684329695
1601,-0.3962236012856586
1602,-0.45239596425174633
1603,-0.5820770812918309
1604,-0.4579367924755069
1605,-0.037602840494021905
1606,-0.3973146910947844
1607,3.774236074113468
1608,-0.003325887799423986
1609,-0.3260127751992536
1610,-0.5131213202150116
1611,1.0448086835036576
1612,-0.3934941743590854
1613,0.04181502264446146
1614,-0.40775639376945555
1615,0.025031595018688953
1616,0.04181502264446146
1617,2.210051884351038
1618,-0.6456359266330637
1619,-0.27014829105854576
1620,-0.6369873845572136
1621,1.1428653266657796
1622,-0.48438544677452683
1623,2.073788466708178
1624,0.006160840374340772
1625,1.474349859301986
1626,-0.5966009779862546
1627,-0.12364583059134639
1628,-0.4916842653308576
1629,0.04181502264446146
1630,-0.2995677159921401
1631,-0.5257842255722526
1632,-0.544792989094262
1633,-0.4638309559811664
1634,-0.5070883220300836
1635,-0.3969549536142848
1636,-0.33111621001534897
1637,0.8723687690259568
1638,-0.33235563512556177
1639,-0.5431805070253526
1640,2.923984140866523
1641,-0.5363983684329695
1642,-0.3609194387037521
1643,-0.5214803218747547
1644,1.1654125407943483
1645,2.073788466708178
1646,-0.5836276413476733
1647,1.5327036490125152
1648,-0.6407717527233975
1649,0.34555442974397943
1650,-0.037602840494021905
1651,-0.29213766223535265
1652,1.3656521144251177
1653,-0.2680711290258581
1654,0.27608570748699984
1655,-0.42937563086408603
1656,0.8781793312888472
1657,-0.4638309559811664
1658,-0.48656111959248144
1659,-0.44969556282316214
1660,2.210051884351038
1661,0.14439478181291077
1662,-0.6048606653683228
1663,-0.45239596425174633
1664,1.5003399147245828
1665,1.3216326529103182
1666,-0.4638309559811664
1667,-0.15118373356984763
1668,2.923984140866523
1669,-0.34854378123635593
1670,-0.5294812918646831
1671,-0.4508160485777072
1672,-0.3772209466034756
1673,-0.4635686121865897
1674,0.34555442974397943
1675,-0.037602840494021905
1676,-0.27014829105854576
1677,-0.15118373356984763
1678,-0.1204235024745442
1679,0.5217996749495194
1680,-0.13440615873009623
1681,-0.5431805070253526
1682,-0.5257842255722526
1683,0.4122568358716783
1684,-0.5564728984566265
1685,-0.5493041661631287
1686,-0.6028304106743132
1687,-0.4401847455044609
1688,0.6379874138466213
1689,-0.5475267241864489
1690,-0.4425570290948879
1691,-0.5822585081341429
1692,-0.6369873845572136
1693,0.4274982871011709
1694,3.26726290482855
1695,-0.4953014780722623
1696,0.6379874138466213
1697,-0.2617604499868875
1698,-0.47070226586977787
1699,-0.07025370196748171
1700,-0.27944514761259887
1701,-0.2593643707066754
1702,-0.623706068301396
1703,-0.000202222866749221
1704,-0.5067072499934485
1705,-0.6071749834349097
1706,-0.38419009292100564
1707,-0.18941877045113176
1708,-0.42937563086408603
1709,2.073788466708178
1710,-0.5815569662690092
1711,-0.544792989094262
1712,-0.42937563086408603
1713,0.5696226601783648
1714,1.6819695306954663
1715,0.2829891768145541
1716,-0.297051567613756
1717,-0.27014829105854576
1718,1.3874887013276112
1719,-0.49333910692592725
1720,-0.6364325072325187
1721,1.3216326529103182
1722,0.27608570748699984
1723,-0.4260053410746828
1724,0.0020394443719587295
1725,-0.20241289090637246
1726,0.07097489668443964
1727,-0.2905124454232251
1728,-0.45239596425174633
1729,-0.02670288869060485
1730,0.7356120872562927
1731,-0.29373339516537733
1732,-0.5434972167890937
1733,0.14664416769688962
1734,-0.15118373356984763
1735,1.55631744525469
1736,0.6379874138466213
1737,0.3183621485907562
1738,0.14439478181291077
1739,-0.5853865308295582
1740,-0.5878820491522311
1741,0.7590582202434751
1742,-0.3969549536142848
1743,0.4007060082222487
1744,0.7590582202434751
1745,-0.34249435275436807
1746,-0.3772209466034756
1747,3.3129322496125018
1748,1.474349859301986
1749,0.4122568358716783
1750,-0.024869651451547656
1751,-0.0074601452302520245
1752,0.025031595018688953
1753,-0.0074601452302520245
1754,0.32404064500451485
1755,-0.2947720003105933
1756,-0.36463438513522917
1757,0.20363081923445184
1758,0.4944555867018589
1759,-0.0074601452302520245
1760,-0.40775639376945555
1761,1.474349859301986
1762,-0.6407717527233975
1763,-0.6421824346014476
1764,-0.33111621001534897
1765,-0.48150830442155296
1766,-0.2947720003105933
1767,0.5217996749495194
1768,-0.41937248345115463
1769,-0.295487828571378
1770,0.18848449119612334
1771,1.6819695306954663
1772,0.6459907533566066
1773,0.38246828516270365
1774,-0.6364325072325187
1775,0.16333999580456074
1776,-0.003325887799423986
1777,0.14439478181291077
1778,2.210051884351038
1779,-0.13440615873009623
1780,-0.5878820491522311
1781,-0.1204235024745442
1782,0.4007060082222487
1783,-0.5920203694757691
1784,-0.3333085406296828
1785,-0.29213766223535265
1786,-0.4260053410746828
1787,0.1525758626826619
1788,-0.5434972167890937
1789,-0.3609194387037521
1790,-0.6028304106743132
1791,-0.024869651451547656
1792,-0.20241289090637246
1793,0.3183621485907562
1794,-0.003325887799423986
1795,-0.5770411477331843
1796,-0.3984248546937199
1797,0.4274982871011709
1798,0.3183621485907562
1799,0.9615853517364679
1800,-0.6870315369587442
1801,1.7027431858590398
1802,-0.6937717351741501
1803,0.05713627341624945
1804,-0.6909255179282675
1805,1.6275037639196266
1806,1.1083320046578935
1807,-0.6909255179282675
1808,1.4840611993147608
1809,0.03291343442946232
1810,-0.69377173517415
1811,-0.6909255179282675
1812,0.4023391877246366
1813,-0.6909255179282675
1814,1.1083320046578935
1815,-0.6937717351741503
1816,1.1036144556007417
1817,1.695112286368659
1818,1.695112286368659
1819,1.7027431858590398
1820,-0.6927690092657681
1821,1.679665634767609
1822,-0.6937717351741503
1823,-0.6937717351741498
1824,-0.69377173517415
1825,0.6325753159493911
1826,-0.6937717351741501
1827,-0.2059097691066792
1828,-0.6937717351741501
1829,-0.6909255179282675
1830,-0.6909255179282675
1831,-0.6937717351741503
1832,-0.6927690092657681
1833,-0.6937717351741501
1834,-0.4341492853955544
1835,-0.6909255179282675
1836,-0.6937717351741501
1837,1.0947384744117292
1838,-0.6732301787081515
1839,1.6275037639196266
1840,-0.6937717351741503
1841,0.03291343442946232
1842,-0.69377173517415
1843,-0.6909255179282675
1844,-0.6927690092657681
1845,1.695112286368659
1846,-0.2544106663180652
1847,-0.6909255179282675
1848,-0.07966478665939512
1849,-0.6909255179282675
1850,1.7027431858590398
1851,1.1083320046578935
1852,-0.6870315369587442
1853,-0.6937717351741503
1854,1.7027431858590398
1855,-0.6870315369587442
1856,1.48541947252311
1857,-0.6937717351741503
1858,-0.6927690092657681
1859,-0.5883250786486897
1860,-0.6909255179282675
1861,-0.6909255179282675
1862,-0.69377173517415
1863,-0.6937717351741503
1864,1.1357628264926503
1865,-0.6937717351741501
1866,1.1672718831906859
1867,-0.6909255179282675
1868,1.5868677391277648
1869,-0.6937717351741501
1870,1.5318441709984763
1871,1.695112286368659
1872,0.12408653152765275
1873,-0.69377173517415
1874,-0.6937717351741501
1875,-0.6937717351741503
1876,-0.6909255179282675
1877,1.514781231268201
1878,1.6386503449476872
1879,-0.6937717351741503
1880,-0.32724592372201516
1881,-0.6909255179282675
1882,-0.6937717351741501
1883,1.0765570290729476
1884,-0.6937717351741503
1885,-0.6937717351741503
1886,-0.6937717351741503
1887,1.695112286368659
1888,0.38465997929078494
1889,-0.69377173517415
1890,0.8768014362886719
1891,-0.6937717351741501
1892,-0.6870315369587442
1893,1.7027431858590398
1894,-0.5652629640462834
1895,1.7027431858590398
1896,-0.6923864664336686
1897,1.695112286368659
1898,-0.6937717351741501
1899,1.695112286368659
1900,0.5715881431313742
1901,-0.6298646706132651
1902,-0.23969522382049313
1903,-0.6923864664336686
1904,-0.6937717351741503
1905,1.7027431858590398
1906,1.698959214931093
1907,-0.69377173517415
1908,-0.6909255179282675
1909,-0.6937717351741501
1910,-0.2665669014247553
1911,1.5318441709984763
1912,-0.6937717351741503
1913,-0.6909255179282675
1914,-0.6937717351741503
1915,-0.6909255179282675
1916,-0.6870315369587442
1917,-0.424894451350914
1918,1.695112286368659
1919,1.5318441709984763
1920,-0.6870315369587442
1921,-0.6937717351741503
1922,0.7794956343134664
1923,-0.6937717351741503
1924,1.695112286368659
1925,0.38600633598799505
1926,1.679665634767609
1927,0.38465997929078494
1928,-0.6937717351741503
1929,-0.6923864664336686
1930,-0.6937717351741503
1931,1.679665634767609
1932,-0.6927690092657681
1933,-0.69377173517415
1934,-0.6410484069114198
1935,-0.6937717351741503
1936,-0.69377173517415
1937,-0.6909255179282675
1938,-0.69377173517415
1939,-0.6937717351741501
1940,1.6908202260529048
1941,-0.6937717351741501
1942,0.4592182212784847
1943,1.695112286368659
1944,0.0033962418536870043
1945,1.7027431858590398
1946,-0.6909255179282675
1947,-0.6937717351741501
1948,-0.6937717351741499
1949,0.0731130395564707
1950,-0.6909255179282675
1951,-0.6923864664336686
1952,-0.6909255179282675
1953,-0.6937717351741503
1954,1.0765570290729476
1955,-0.6937717351741501
1956,-0.6870315369587442
1957,-0.32724592372201516
1958,1.1357628264926503
1959,-0.6937717351741503
1960,-0.19812887650592215
1961,1.701094207702366
1962,-0.6909255179282675
1963,-0.6927690092657681
1964,1.679665634767609
1965,-0.6853134472175625
1966,-0.6909255179282675
1967,1.701094207702366
1968,1.695112286368659
1969,-0.69377173517415
1970,-0.6937717351741503
1971,-0.6937717351741501
1972,-0.6909255179282675
1973,0.38465997929078494
1974,-0.69377173517415
1975,-0.6937717351741501
1976,1.698959214931093
1977,1.701094207702366
1978,-0.6909255179282675
1979,-0.424894451350914
1980,-0.547318045555455
1981,1.695112286368659
1982,1.695112286368659
1983,1.1672718831906859
1984,1.5318441709984763
1985,1.695112286368659
1986,-0.6937717351741501
1987,-0.6937717351741503
1988,-0.20151461625922454
1989,-0.6937717351741503
1990,-0.6937717351741499
1991,1.5318441709984763
1992,-0.6923864664336686
1993,-0.6909255179282675
1994,0.4592182212784847
1995,1.6386503449476872
1996,1.695112286368659
1997,-0.6937717351741503
1998,-0.38506811822750187
1999,1.5318441709984763
2000,2.5697005557484505
2001,-0.24170900862278002
2002,2.0989565506370207
2003,0.36977248388461265
2004,-0.18638112744505203
2005,-0.5252442615271254
2006,-0.44523756490936495
2007,-0.19802997209273612
2008,-0.12450891906611725
2009,0.34023074381165086
2010,1.4840622041442073
2011,-1.5181590239257616
2012,-0.915442074641249
2013,0.7132556457518577
2014,0.13988276538428449
2015,0.1524992813046106
2016,1.5723403692573672
2017,1.8016067460613965
2018,1.3954653160492207
2019,0.23555792170003062
2020,-0.4841473266168329
2021,2.2511970611487953
2022,-1.5549729817913782
2023,-0.5993734366891675
2024,0.353628319501021
2025,-0.9705913055516827
2026,0.8147105195771731
2027,-0.11898073510694727
2028,1.2099606972819594
2029,-0.2976117432788105
2030,-1.1450441013453778
2031,0.2348585539810522
2032,-0.915442074641249
2033,-0.2973225477094872
2034,0.05658882470300319
2035,-0.3443356807329129
2036,-0.29112970455742165
2037,1.7154860438687276
2038,1.3527440199442633
2039,1.6484768283293638
2040,1.456273963559525
2041,0.05176970317485074
2042,0.6835492750610327
2043,-0.36482829125249816
2044,-0.1467809548562594
2045,0.1144893044568015
2046,0.3171677217762346
2047,-0.308535935013798
2048,0.5178865844019561
2049,-1.2829860388930787
2050,0.6314610961458401
2051,2.2012621287103737
2052,1.7682621891562702
2053,-0.5578483080358346
2054,0.023629359800344987
2055,-0.6934197599484084
2056,1.1393032343591087
2057,0.18644380839536948
2058,0.32999590661865635
2059,0.14405497314338755
2060,0.23555792170003062
2061,1.7817505094777586
2062,-0.5578483080358346
2063,-1.5128586218133167
2064,0.23625204383326753
2065,2.0989565506370207
2066,-0.44496479848587545
2067,0.7499641892006784
2068,-0.4679527012879797
2069,-1.0718695723499538
2070,-0.5755928674831214
2071,-0.3078364361551761
2072,0.3171677217762346
2073,1.2099606972819594
2074,1.7154860438687276
2075,-0.6934197599484084
2076,-0.5252442615271254
2077,0.9851445180534003
2078,-0.17038766436849084
2079,0.5178865844019561
2080,0.023629359800344987
2081,0.05658882470300319
2082,0.15209783305128194
2083,-0.6336693385460314
2084,0.978928391653714
2085,-0.8882280312967831
2086,0.14635634274780351
2087,-0.3679691427324254
2088,1.0667132451932477
2089,-0.24875341499800468
2090,-0.44496479848587545
2091,0.978928391653714
2092,-0.021284493175505088
2093,-0.10944359681668321
2094,-0.29995605826562305
2095,-0.4942525826374167
2096,-0.630599254579135
2097,1.3098547995257621
2098,0.9361300271646126
2099,0.5437377888253744
2100,1.456273963559525
2101,0.353628319501021
2102,1.5723403692573672
2103,-0.11898073510694727
2104,-1.9215305989558003
2105,0.09843770100498342
2106,2.0814166273491255
2107,-1.8043296984485024
2108,1.5310387849724434
2109,-0.2928131083961381
2110,-0.15295251762071466
2111,2.2511970611487953
2112,-0.6934197599484084
2113,-0.43010315352700174
2114,1.015329524978347
2115,1.2099606972819594
2116,0.6986380473594203
2117,-0.82023592876944
2118,-0.07086388736406717
2119,0.406112153372773
2120,-1.2829860388930787
2121,-0.07104701352313568
2122,-1.0906293606370896
2123,0.13668620080773328
2124,-0.011153909427756575
2125,0.13564033234606793
2126,0.0258773031139844
2127,0.1966137751780276
2128,0.41382561235271204
2129,0.12428921265068667
2130,-0.9100558416321122
2131,-0.4658524021381048
2132,-0.44496479848587545
2133,0.022792439709261536
2134,-0.9705913055516827
2135,0.18065410073500668
2136,1.2209171627112894
2137,-1.0547175008758807
2138,0.6986380473594203
2139,1.2792256250492011
2140,-0.11898073510694727
2141,-2.351181382524003
2142,-0.18638112744505203
2143,-1.0906293606370896
2144,0.3761760069648278
2145,0.8791225464936759
2146,0.9498147967727512
2147,-0.15295251762071466
2148,-1.0526149235741034
2149,-0.18638112744505203
2150,1.0996009275931353
2151,0.5286829577474231
2152,-0.013286830160050535
2153,1.7760597258569184
2154,0.03844060201672712
2155,-0.4078661499043624
2156,0.9361300271646126
2157,0.4904048694749403
2158,0.3107939356288477
2159,0.4537438274278015
2160,-0.4078661499043624
2161,0.18065410073500668
2162,-0.10803358336938247
2163,0.5443280483609305
2164,1.5687467705878888
2165,1.9224036613490796
2166,0.8147105195771731
2167,0.978928391653714
2168,-1.6367735806337724
2169,0.34023074381165086
2170,-0.16741156134204851
2171,-0.627289394887997
2172,1.3954653160492207
2173,0.335768714077778
2174,-0.0068839370643973274
2175,-0.10240601407424381
2176,0.025335195671177358
2177,0.3107939356288477
2178,-0.43922517944423384
2179,-0.25562931130260697
2180,-0.18638112744505203
2181,1.7154860438687276
2182,-0.050641629772217034
2183,-0.5538463927792608
2184,0.08828193844567608
2185,2.0814166273491255
2186,-0.012765510735101251
2187,0.5437377888253744
2188,-0.1930566598596168
2189,-0.43922517944423384
2190,-0.308535935013798
2191,-0.6519892844687457
2192,-1.7183651442293943
2193,-0.21559851546633457
2194,-1.1877954435601976
2195,-0.6331754666484739
2196,-0.18638112744505203
2197,0.6531343654287671
2198,-1.1920236479470905
2199,-2.568556205124048
2200,0.1415805910505447
2201,0.6313444202560176
2202,-0.32789732803065524
2203,0.1415805910505447
2204,-0.010672558621934202
2205,-0.14349056683887154
2206,-0.010672558621934202
2207,-0.024799493146410116
2208,-0.16142924092396596
2209,-0.14349056683887154
2210,-0.010672558621934202
2211,0.023680791182699865
2212,0.2314017234612195
2213,0.023680791182699865
2214,0.1415805910505447
2215,-0.07048179905789434
2216,-0.010672558621934202
2217,-0.010672558621934202
2218,-0.010672558621934202
2219,-0.2534717234320102
2220,0.1415805910505447
2221,0.07647174634740651
2222,-0.07048179905789434
2223,-0.32789732803065524
2224,-0.024799493146410116
2225,-0.32789732803065524
2226,0.07647174634740651
2227,-0.010672558621934202
2228,0.023680791182699865
2229,-0.16142924092396596
2230,-0.2534717234320102
2231,0.07647174634740651
2232,-0.010672558621934202
2233,-0.14349056683887154
2234,-0.14349056683887154
2235,0.07647174634740651
2236,-0.07048179905789434
2237,0.6313444202560176
2238,-0.14349056683887154
2239,0.2314017234612195
2240,-0.07048179905789434
2241,-0.024799493146410116
2242,-0.2534717234320102
2243,-0.07048179905789434
2244,0.1415805910505447
2245,0.07647174634740651
2246,-0.14349056683887154
2247,-0.32789732803065524
2248,-0.14349056683887154
2249,-0.32789732803065524
2250,-0.14349056683887154
2251,0.004398988409774839
2252,-0.2534717234320102
2253,-0.010672558621934202
2254,-0.024799493146410116
2255,0.07647174634740651
2256,-0.010672558621934202
2257,0.07647174634740651
2258,-0.024799493146410116
2259,-0.010672558621934202
2260,0.1415805910505447
2261,0.004398988409774839
2262,0.07647174634740651
2263,-0.2534717234320102
2264,-0.16142924092396596
2265,-0.010672558621934202
2266,0.2314017234612195
2267,0.3550906763833585
2268,0.023680791182699865
2269,-0.11345978396074477
2270,-0.010672558621934202
2271,-0.010672558621934202
2272,-0.010672558621934202
2273,-0.14349056683887154
2274,-0.010672558621934202
2275,-0.010672558621934202
2276,0.1415805910505447
2277,0.2314017234612195
2278,-0.024799493146410116
2279,-0.38169365721620685
2280,-0.024799493146410116
2281,-0.010672558621934202
2282,-0.010672558621934202
2283,-0.11345978396074477
2284,-0.024799493146410116
2285,0.004398988409774839
2286,-0.010672558621934202
2287,-0.024799493146410116
2288,0.1415805910505447
2289,0.1415805910505447
2290,-0.14349056683887154
2291,-0.14349056683887154
2292,-0.010672558621934202
2293,0.2314017234612195
2294,-0.16142924092396596
2295,-0.010672558621934202
2296,-0.32789732803065524
2297,-0.024799493146410116
2298,-0.2534717234320102
2299,-0.14349056683887154
2300,0.004398988409774839
2301,-0.11345978396074477
2302,-0.16142924092396596
2303,0.1415805910505447
2304,-0.32789732803065524
2305,0.2314017234612195
2306,-0.024799493146410116
2307,0.004398988409774839
2308,-0.07048179905789434
2309,0.2314017234612195
2310,0.023680791182699865
2311,0.2314017234612195
2312,0.2314017234612195
2313,-0.16142924092396596
2314,-0.11345978396074477
2315,-0.010672558621934202
2316,-0.14349056683887154
2317,-0.2534717234320102
2318,-0.38169365721620685
2319,0.1415805910505447
2320,0.07647174634740651
2321,0.07647174634740651
2322,0.07647174634740651
2323,0.004398988409774839
2324,0.2314017234612195
2325,-0.16142924092396596
2326,-0.010672558621934202
2327,-0.14349056683887154
2328,0.004398988409774839
2329,-0.010672558621934202
2330,-0.024799493146410116
2331,0.3550906763833585
2332,0.2314017234612195
2333,0.1415805910505447
2334,-0.2534717234320102
2335,-0.2534717234320102
2336,0.3550906763833585
2337,0.1415805910505447
2338,-0.010672558621934202
2339,0.004398988409774839
2340,-0.16142924092396596
2341,-0.024799493146410116
2342,0.2314017234612195
2343,0.004398988409774839
2344,0.004398988409774839
2345,-0.07048179905789434
2346,0.1415805910505447
2347,0.2314017234612195
2348,-0.14349056683887154
2349,0.3550906763833585
2350,-0.14349056683887154
2351,-0.14349056683887154
2352,0.2314017234612195
2353,-0.07048179905789434
2354,-0.11345978396074477
2355,-0.010672558621934202
2356,-0.11345978396074477
2357,-0.11345978396074477
2358,-0.11345978396074477
2359,0.6313444202560176
2360,0.1415805910505447
2361,-0.024799493146410116
2362,-0.024799493146410116
2363,-0.010672558621934202
2364,-0.010672558621934202
2365,-0.16142924092396596
2366,-0.38169365721620685
2367,-0.14349056683887154
2368,0.1415805910505447
2369,-0.010672558621934202
2370,-0.024799493146410116
2371,-0.2534717234320102
2372,-0.010672558621934202
2373,-0.07048179905789434
2374,-0.010672558621934202
2375,-0.010672558621934202
2376,-0.024799493146410116
2377,0.07647174634740651
2378,-0.14349056683887154
2379,-0.11345978396074477
2380,-0.010672558621934202
2381,-0.16142924092396596
2382,-0.010672558621934202
2383,0.3550906763833585
2384,0.07647174634740651
2385,0.1415805910505447
2386,0.004398988409774839
2387,-0.010672558621934202
2388,-0.2534717234320102
2389,0.2314017234612195
2390,0.1415805910505447
2391,-0.11345978396074477
2392,-0.11345978396074477
2393,0.1415805910505447
2394,-0.32789732803065524
2395,-0.010672558621934202
2396,0.004398988409774839
2397,-0.010672558621934202
2398,-0.024799493146410116
2399,-0.32789732803065524
2400,-1.1188539198334169
2401,-0.4647155238286865
2402,0.5304335335410096
2403,0.3984214468331523
2404,-0.5794550010607495
2405,-1.0833216946260666
2406,-0.5868575479789471
2407,-0.5740264666540713
2408,-0.5794550010607495
2409,-0.6438571592490685
2410,-1.0833216946260666
2411,-0.4644687722647463
2412,0.6666403968358453
2413,-1.1188539198334169
2414,2.1402407366850427
2415,-0.6656206471885693
2416,-0.5848835354674277
2417,-0.5794550010607495
2418,0.15635816260809127
2419,-0.2706207436335458
2420,2.88937848480664
2421,-0.572052454142552
2422,1.7656718626242451
2423,-0.6302858232323724
2424,-0.5848835354674277
2425,-1.2538270253085502
2426,-0.44818316904471184
2427,-1.1632692013425967
2428,-0.488403673966919
2429,-1.1968274140384265
2430,0.0963975325706909
2431,-0.165405876769564
2432,0.5669527650041176
2433,-0.5977146167923033
2434,0.19633191596635846
2435,0.3273569964184555
2436,1.0130795926074943
2437,-0.572052454142552
2438,-1.257528298767645
2439,3.14698711755992
2440,-0.6500259483475667
2441,-0.488403673966919
2442,0.5361088195116278
2443,-0.6500259483475667
2444,0.3330322823890737
2445,0.1385920500044168
2446,-0.49309195368177733
2447,-0.284833633716485
2448,0.662692371812806
2449,0.138592050004417
2450,-1.3167486741132302
2451,0.49391430207790127
2452,2.57847151424234
2453,0.662692371812806
2454,-1.3093461271950302
2455,0.02015129931325563
2456,-0.4284430439295185
2457,-0.4402871189986345
2458,-0.7805081753589956
2459,-0.5498448133879588
2460,-1.3167486741132302
2461,0.48429099108424445
2462,-0.9668549564464234
2463,0.10542863981089194
2464,-0.7778432584684445
2465,0.38040858266553834
2466,-0.6865451798106742
2467,1.7553082969387734
2468,0.06634319208280857
2469,-0.7467525614120145
2470,1.14139040585625
2471,-1.3167486741132302
2472,-0.4402871189986345
2473,0.185228095589062
2474,1.8994112102796834
2475,-0.284833633716485
2476,1.0900660805567466
2477,-0.41659896886040226
2478,-0.5848835354674277
2479,0.06634319208280857
2480,0.21261751918639268
2481,1.7553082969387734
2482,-0.5498448133879588
2483,-0.21376918330178823
2484,1.1009231493701066
2485,1.927047385440953
2486,-0.6656206471885693
2487,3.234830674322527
2488,-0.44966367842835137
2489,1.8994112102796834
2490,0.05198225106150522
2491,-0.6656206471885693
2492,-1.32020319600839
2493,0.5634982431089585
2494,-0.5868575479789471
2495,-0.7805081753589956
2496,-0.488403673966919
2497,-0.678649129764597
2498,0.6666403968358453
2499,-0.6543687758729092
2500,0.6005109776999468
2501,-1.1188539198334169
2502,0.7085881627056315
2503,-0.4644687722647463
2504,-0.4822348848684213
2505,0.3271102448545157
2506,2.3519535785454977
2507,0.09417676849523146
2508,0.15635816260809127
2509,-1.3093461271950302
2510,0.2681366210728747
2511,-0.0963154388663865
2512,-0.9668549564464234
2513,-0.00945888835953467
2514,-0.7778432584684445
2515,-0.5831562745198482
2516,-1.0941787634394233
2517,-0.2344963146727416
2518,0.48429099108424445
2519,-1.0941787634394233
2520,0.18300733151360263
2521,-1.06950360704543
2522,0.215578537953672
2523,-0.4647155238286865
2524,-1.24494396900671
2525,-0.2344963146727416
2526,0.06634319208280857
2527,-0.6796361360203567
2528,0.5634982431089585
2529,0.05198225106150522
2530,-0.4437416408937933
2531,0.5361088195116278
2532,-0.7941288616884794
2533,-0.4647155238286865
2534,-0.632753338871772
2535,0.938067117169758
2536,0.6005109776999468
2537,0.30885062912296146
2538,3.50675089778432
2539,0.5669527650041176
2540,-0.19304205193083523
2541,-0.5000009974720953
2542,-0.6887165935733456
2543,-0.5799485041886293
2544,-0.7893912316608326
2545,0.48429099108424445
2546,0.1385920500044168
2547,-0.6349741029472312
2548,0.5669527650041176
2549,-0.24219496346766722
2550,-0.984374317486157
2551,0.09417676849523146
2552,2.3519535785454977
2553,1.0130795926074943
2554,-0.4647155238286865
2555,-0.7911678429212
2556,-0.17922396435019947
2557,-0.6887165935733456
2558,-1.29083975989954
2559,0.49391430207790127
2560,-0.572052454142552
2561,0.5264855085179706
2562,-0.5794550010607495
2563,1.14139040585625
2564,-0.6887165935733456
2565,1.8994112102796834
2566,-0.24219496346766722
2567,-0.4402871189986345
2568,0.30885062912296146
2569,-0.24219496346766722
2570,-0.5000009974720953
2571,2.18366901193847
2572,1.2104808437594266
2573,-0.5797511029374773
2574,-0.5794550010607495
2575,-0.984374317486157
2576,-0.4822348848684213
2577,0.823574391501634
2578,0.157838671991731
2579,-0.5681044291195133
2580,0.8028472601306808
2581,0.5304335335410096
2582,-0.49309195368177733
2583,-0.5000009974720953
2584,-0.4822348848684213
2585,0.6005109776999468
2586,-0.730763060068708
2587,-0.5794550010607495
2588,-0.5720524541425519
2589,-0.2706207436335458
2590,-0.5172736069478895
2591,1.1009231493701066
2592,-0.730763060068708
2593,-0.5848835354674277
2594,-0.678649129764597
2595,-1.264930845685845
2596,0.430992653273222
2597,1.927047385440953
2598,-0.17922396435019947
2599,-1.3093461271950302
